Sample rate,Time,HR (bpm),Speed (km/h),Pace (min/km),Cadence,Altitude (m),Stride length (m),Distances (m),Temperatures (C),Power (W)
1,0:00:00,75,,,,,,,,
,0:00:01,79,,,,,,,,
,0:00:02,85,,,,,,,,
,0:00:03,86,,,,,,,,
,0:00:04,89,,,,,,,,
,0:00:05,88,,,,,,,,
,0:00:06,88,,,,,,,,
,0:00:07,86,,,,,,,,
,0:00:08,86,,,,,,,,
,0:00:09,86,,,,,,,,
,0:00:10,86,,,,,,,,
,0:00:11,87,,,,,,,,
,0:00:12,88,,,,,,,,
,0:00:13,90,,,,,,,,
,0:00:14,91,,,,,,,,
,0:00:15,92,,,,,,,,
,0:00:16,93,,,,,,,,
,0:00:17,95,,,,,,,,
,0:00:18,96,,,,,,,,
,0:00:19,97,,,,,,,,
,0:00:20,97,,,,,,,,
,0:00:21,99,,,,,,,,
,0:00:22,99,,,,,,,,
,0:00:23,100,,,,,,,,
,0:00:24,104,,,,,,,,
,0:00:25,104,,,,,,,,
,0:00:26,105,,,,,,,,
,0:00:27,105,,,,,,,,
,0:00:28,105,,,,,,,,
,0:00:29,105,,,,,,,,
,0:00:30,105,,,,,,,,
,0:00:31,105,,,,,,,,
,0:00:32,106,,,,,,,,
,0:00:33,106,,,,,,,,
,0:00:34,106,,,,,,,,
,0:00:35,105,,,,,,,,
,0:00:36,102,,,,,,,,
,0:00:37,99,,,,,,,,
,0:00:38,98,,,,,,,,
,0:00:39,99,,,,,,,,
,0:00:40,100,,,,,,,,
,0:00:41,100,,,,,,,,
,0:00:42,103,,,,,,,,
,0:00:43,104,,,,,,,,
,0:00:44,103,,,,,,,,
,0:00:45,101,,,,,,,,
,0:00:46,101,,,,,,,,
,0:00:47,95,,,,,,,,
,0:00:48,95,,,,,,,,
,0:00:49,96,,,,,,,,
,0:00:50,99,,,,,,,,
,0:00:51,99,,,,,,,,
,0:00:52,102,,,,,,,,
,0:00:53,103,,,,,,,,
,0:00:54,103,,,,,,,,
,0:00:55,104,,,,,,,,
,0:00:56,104,,,,,,,,
,0:00:57,105,,,,,,,,
,0:00:58,105,,,,,,,,
,0:00:59,107,,,,,,,,
,0:01:00,107,,,,,,,,
,0:01:01,107,,,,,,,,
,0:01:02,107,,,,,,,,
,0:01:03,108,,,,,,,,
,0:01:04,109,,,,,,,,
,0:01:05,109,,,,,,,,
,0:01:06,110,,,,,,,,
,0:01:07,111,,,,,,,,
,0:01:08,112,,,,,,,,
,0:01:09,113,,,,,,,,
,0:01:10,113,,,,,,,,
,0:01:11,113,,,,,,,,
,0:01:12,113,,,,,,,,
,0:01:13,113,,,,,,,,
,0:01:14,112,,,,,,,,
,0:01:15,110,,,,,,,,
,0:01:16,106,,,,,,,,
,0:01:17,104,,,,,,,,
,0:01:18,104,,,,,,,,
,0:01:19,104,,,,,,,,
,0:01:20,104,,,,,,,,
,0:01:21,105,,,,,,,,
,0:01:22,105,,,,,,,,
,0:01:23,106,,,,,,,,
,0:01:24,106,,,,,,,,
,0:01:25,106,,,,,,,,
,0:01:26,106,,,,,,,,
,0:01:27,105,,,,,,,,
,0:01:28,105,,,,,,,,
,0:01:29,106,,,,,,,,
,0:01:30,107,,,,,,,,
,0:01:31,108,,,,,,,,
,0:01:32,109,,,,,,,,
,0:01:33,109,,,,,,,,
,0:01:34,108,,,,,,,,
,0:01:35,107,,,,,,,,
,0:01:36,107,,,,,,,,
,0:01:37,107,,,,,,,,
,0:01:38,108,,,,,,,,
,0:01:39,110,,,,,,,,
,0:01:40,110,,,,,,,,
,0:01:41,111,,,,,,,,
,0:01:42,114,,,,,,,,
,0:01:43,117,,,,,,,,
,0:01:44,117,,,,,,,,
,0:01:45,111,,,,,,,,
,0:01:46,109,,,,,,,,
,0:01:47,107,,,,,,,,
,0:01:48,104,,,,,,,,
,0:01:49,102,,,,,,,,
,0:01:50,99,,,,,,,,
,0:01:51,98,,,,,,,,
,0:01:52,97,,,,,,,,
,0:01:53,97,,,,,,,,
,0:01:54,99,,,,,,,,
,0:01:55,99,,,,,,,,
,0:01:56,101,,,,,,,,
,0:01:57,101,,,,,,,,
,0:01:58,101,,,,,,,,
,0:01:59,102,,,,,,,,
,0:02:00,103,,,,,,,,
,0:02:01,103,,,,,,,,
,0:02:02,102,,,,,,,,
,0:02:03,102,,,,,,,,
,0:02:04,101,,,,,,,,
,0:02:05,102,,,,,,,,
,0:02:06,102,,,,,,,,
,0:02:07,102,,,,,,,,
,0:02:08,102,,,,,,,,
,0:02:09,102,,,,,,,,
,0:02:10,102,,,,,,,,
,0:02:11,103,,,,,,,,
,0:02:12,105,,,,,,,,
,0:02:13,106,,,,,,,,
,0:02:14,108,,,,,,,,
,0:02:15,109,,,,,,,,
,0:02:16,107,,,,,,,,
,0:02:17,106,,,,,,,,
,0:02:18,104,,,,,,,,
,0:02:19,103,,,,,,,,
,0:02:20,104,,,,,,,,
,0:02:21,104,,,,,,,,
,0:02:22,105,,,,,,,,
,0:02:23,106,,,,,,,,
,0:02:24,107,,,,,,,,
,0:02:25,107,,,,,,,,
,0:02:26,108,,,,,,,,
,0:02:27,109,,,,,,,,
,0:02:28,109,,,,,,,,
,0:02:29,109,,,,,,,,
,0:02:30,108,,,,,,,,
,0:02:31,108,,,,,,,,
,0:02:32,107,,,,,,,,
,0:02:33,107,,,,,,,,
,0:02:34,108,,,,,,,,
,0:02:35,109,,,,,,,,
,0:02:36,110,,,,,,,,
,0:02:37,110,,,,,,,,
,0:02:38,110,,,,,,,,
,0:02:39,108,,,,,,,,
,0:02:40,108,,,,,,,,
,0:02:41,107,,,,,,,,
,0:02:42,108,,,,,,,,
,0:02:43,108,,,,,,,,
,0:02:44,108,,,,,,,,
,0:02:45,107,,,,,,,,
,0:02:46,106,,,,,,,,
,0:02:47,106,,,,,,,,
,0:02:48,107,,,,,,,,
,0:02:49,108,,,,,,,,
,0:02:50,110,,,,,,,,
,0:02:51,111,,,,,,,,
,0:02:52,112,,,,,,,,
,0:02:53,112,,,,,,,,
,0:02:54,114,,,,,,,,
,0:02:55,114,,,,,,,,
,0:02:56,115,,,,,,,,
,0:02:57,117,,,,,,,,
,0:02:58,118,,,,,,,,
,0:02:59,115,,,,,,,,
,0:03:00,113,,,,,,,,
,0:03:01,113,,,,,,,,
,0:03:02,112,,,,,,,,
,0:03:03,113,,,,,,,,
,0:03:04,114,,,,,,,,
,0:03:05,114,,,,,,,,
,0:03:06,113,,,,,,,,
,0:03:07,112,,,,,,,,
,0:03:08,111,,,,,,,,
,0:03:09,108,,,,,,,,
,0:03:10,107,,,,,,,,
,0:03:11,107,,,,,,,,
,0:03:12,107,,,,,,,,
,0:03:13,107,,,,,,,,
,0:03:14,108,,,,,,,,
,0:03:15,109,,,,,,,,
,0:03:16,109,,,,,,,,
,0:03:17,109,,,,,,,,
,0:03:18,109,,,,,,,,
,0:03:19,107,,,,,,,,
,0:03:20,106,,,,,,,,
,0:03:21,106,,,,,,,,
,0:03:22,106,,,,,,,,
,0:03:23,106,,,,,,,,
,0:03:24,107,,,,,,,,
,0:03:25,108,,,,,,,,
,0:03:26,109,,,,,,,,
,0:03:27,108,,,,,,,,
,0:03:28,107,,,,,,,,
,0:03:29,105,,,,,,,,
,0:03:30,105,,,,,,,,
,0:03:31,105,,,,,,,,
,0:03:32,106,,,,,,,,
,0:03:33,108,,,,,,,,
,0:03:34,109,,,,,,,,
,0:03:35,110,,,,,,,,
,0:03:36,110,,,,,,,,
,0:03:37,110,,,,,,,,
,0:03:38,108,,,,,,,,
,0:03:39,107,,,,,,,,
,0:03:40,107,,,,,,,,
,0:03:41,108,,,,,,,,
,0:03:42,108,,,,,,,,
,0:03:43,110,,,,,,,,
,0:03:44,110,,,,,,,,
,0:03:45,110,,,,,,,,
,0:03:46,108,,,,,,,,
,0:03:47,107,,,,,,,,
,0:03:48,107,,,,,,,,
,0:03:49,107,,,,,,,,
,0:03:50,109,,,,,,,,
,0:03:51,110,,,,,,,,
,0:03:52,112,,,,,,,,
,0:03:53,112,,,,,,,,
,0:03:54,112,,,,,,,,
,0:03:55,111,,,,,,,,
,0:03:56,111,,,,,,,,
,0:03:57,109,,,,,,,,
,0:03:58,109,,,,,,,,
,0:03:59,109,,,,,,,,
,0:04:00,107,,,,,,,,
,0:04:01,105,,,,,,,,
,0:04:02,104,,,,,,,,
,0:04:03,105,,,,,,,,
,0:04:04,105,,,,,,,,
,0:04:05,106,,,,,,,,
,0:04:06,105,,,,,,,,
,0:04:07,104,,,,,,,,
,0:04:08,103,,,,,,,,
,0:04:09,102,,,,,,,,
,0:04:10,103,,,,,,,,
,0:04:11,104,,,,,,,,
,0:04:12,106,,,,,,,,
,0:04:13,106,,,,,,,,
,0:04:14,107,,,,,,,,
,0:04:15,107,,,,,,,,
,0:04:16,107,,,,,,,,
,0:04:17,106,,,,,,,,
,0:04:18,107,,,,,,,,
,0:04:19,109,,,,,,,,
,0:04:20,109,,,,,,,,
,0:04:21,110,,,,,,,,
,0:04:22,109,,,,,,,,
,0:04:23,109,,,,,,,,
,0:04:24,110,,,,,,,,
,0:04:25,110,,,,,,,,
,0:04:26,110,,,,,,,,
,0:04:27,109,,,,,,,,
,0:04:28,109,,,,,,,,
,0:04:29,110,,,,,,,,
,0:04:30,110,,,,,,,,
,0:04:31,110,,,,,,,,
,0:04:32,110,,,,,,,,
,0:04:33,110,,,,,,,,
,0:04:34,111,,,,,,,,
,0:04:35,111,,,,,,,,
,0:04:36,109,,,,,,,,
,0:04:37,108,,,,,,,,
,0:04:38,107,,,,,,,,
,0:04:39,108,,,,,,,,
,0:04:40,109,,,,,,,,
,0:04:41,111,,,,,,,,
,0:04:42,113,,,,,,,,
,0:04:43,114,,,,,,,,
,0:04:44,114,,,,,,,,
,0:04:45,116,,,,,,,,
,0:04:46,117,,,,,,,,
,0:04:47,117,,,,,,,,
,0:04:48,116,,,,,,,,
,0:04:49,116,,,,,,,,
,0:04:50,115,,,,,,,,
,0:04:51,113,,,,,,,,
,0:04:52,112,,,,,,,,
,0:04:53,110,,,,,,,,
,0:04:54,109,,,,,,,,
,0:04:55,109,,,,,,,,
,0:04:56,110,,,,,,,,
,0:04:57,111,,,,,,,,
,0:04:58,111,,,,,,,,
,0:04:59,111,,,,,,,,
,0:05:00,112,,,,,,,,
,0:05:01,111,,,,,,,,
,0:05:02,109,,,,,,,,
,0:05:03,108,,,,,,,,
,0:05:04,105,,,,,,,,
,0:05:05,105,,,,,,,,
,0:05:06,105,,,,,,,,
,0:05:07,107,,,,,,,,
,0:05:08,107,,,,,,,,
,0:05:09,109,,,,,,,,
,0:05:10,110,,,,,,,,
,0:05:11,111,,,,,,,,
,0:05:12,111,,,,,,,,
,0:05:13,110,,,,,,,,
,0:05:14,110,,,,,,,,
,0:05:15,108,,,,,,,,
,0:05:16,108,,,,,,,,
,0:05:17,109,,,,,,,,
,0:05:18,110,,,,,,,,
,0:05:19,111,,,,,,,,
,0:05:20,111,,,,,,,,
,0:05:21,110,,,,,,,,
,0:05:22,109,,,,,,,,
,0:05:23,109,,,,,,,,
,0:05:24,109,,,,,,,,
,0:05:25,110,,,,,,,,
,0:05:26,112,,,,,,,,
,0:05:27,114,,,,,,,,
,0:05:28,116,,,,,,,,
,0:05:29,116,,,,,,,,
,0:05:30,116,,,,,,,,
,0:05:31,115,,,,,,,,
,0:05:32,115,,,,,,,,
,0:05:33,114,,,,,,,,
,0:05:34,115,,,,,,,,
,0:05:35,114,,,,,,,,
,0:05:36,112,,,,,,,,
,0:05:37,112,,,,,,,,
,0:05:38,112,,,,,,,,
,0:05:39,113,,,,,,,,
,0:05:40,115,,,,,,,,
,0:05:41,115,,,,,,,,
,0:05:42,116,,,,,,,,
,0:05:43,118,,,,,,,,
,0:05:44,115,,,,,,,,
,0:05:45,115,,,,,,,,
,0:05:46,113,,,,,,,,
,0:05:47,111,,,,,,,,
,0:05:48,111,,,,,,,,
,0:05:49,111,,,,,,,,
,0:05:50,113,,,,,,,,
,0:05:51,114,,,,,,,,
,0:05:52,114,,,,,,,,
,0:05:53,114,,,,,,,,
,0:05:54,114,,,,,,,,
,0:05:55,113,,,,,,,,
,0:05:56,112,,,,,,,,
,0:05:57,112,,,,,,,,
,0:05:58,112,,,,,,,,
,0:05:59,113,,,,,,,,
,0:06:00,114,,,,,,,,
,0:06:01,115,,,,,,,,
,0:06:02,116,,,,,,,,
,0:06:03,116,,,,,,,,
,0:06:04,114,,,,,,,,
,0:06:05,113,,,,,,,,
,0:06:06,109,,,,,,,,
,0:06:07,109,,,,,,,,
,0:06:08,111,,,,,,,,
,0:06:09,111,,,,,,,,
,0:06:10,113,,,,,,,,
,0:06:11,114,,,,,,,,
,0:06:12,115,,,,,,,,
,0:06:13,115,,,,,,,,
,0:06:14,113,,,,,,,,
,0:06:15,112,,,,,,,,
,0:06:16,112,,,,,,,,
,0:06:17,111,,,,,,,,
,0:06:18,112,,,,,,,,
,0:06:19,113,,,,,,,,
,0:06:20,114,,,,,,,,
,0:06:21,114,,,,,,,,
,0:06:22,115,,,,,,,,
,0:06:23,115,,,,,,,,
,0:06:24,115,,,,,,,,
,0:06:25,115,,,,,,,,
,0:06:26,115,,,,,,,,
,0:06:27,115,,,,,,,,
,0:06:28,116,,,,,,,,
,0:06:29,117,,,,,,,,
,0:06:30,117,,,,,,,,
,0:06:31,117,,,,,,,,
,0:06:32,117,,,,,,,,
,0:06:33,117,,,,,,,,
,0:06:34,116,,,,,,,,
,0:06:35,115,,,,,,,,
,0:06:36,114,,,,,,,,
,0:06:37,114,,,,,,,,
,0:06:38,115,,,,,,,,
,0:06:39,116,,,,,,,,
,0:06:40,116,,,,,,,,
,0:06:41,115,,,,,,,,
,0:06:42,113,,,,,,,,
,0:06:43,112,,,,,,,,
,0:06:44,111,,,,,,,,
,0:06:45,111,,,,,,,,
,0:06:46,110,,,,,,,,
,0:06:47,111,,,,,,,,
,0:06:48,113,,,,,,,,
,0:06:49,115,,,,,,,,
,0:06:50,115,,,,,,,,
,0:06:51,116,,,,,,,,
,0:06:52,114,,,,,,,,
,0:06:53,113,,,,,,,,
,0:06:54,112,,,,,,,,
,0:06:55,112,,,,,,,,
,0:06:56,113,,,,,,,,
,0:06:57,113,,,,,,,,
,0:06:58,114,,,,,,,,
,0:06:59,115,,,,,,,,
,0:07:00,115,,,,,,,,
,0:07:01,113,,,,,,,,
,0:07:02,112,,,,,,,,
,0:07:03,112,,,,,,,,
,0:07:04,113,,,,,,,,
,0:07:05,115,,,,,,,,
,0:07:06,116,,,,,,,,
,0:07:07,117,,,,,,,,
,0:07:08,117,,,,,,,,
,0:07:09,117,,,,,,,,
,0:07:10,117,,,,,,,,
,0:07:11,115,,,,,,,,
,0:07:12,114,,,,,,,,
,0:07:13,113,,,,,,,,
,0:07:14,114,,,,,,,,
,0:07:15,116,,,,,,,,
,0:07:16,116,,,,,,,,
,0:07:17,116,,,,,,,,
,0:07:18,115,,,,,,,,
,0:07:19,115,,,,,,,,
,0:07:20,113,,,,,,,,
,0:07:21,113,,,,,,,,
,0:07:22,112,,,,,,,,
,0:07:23,111,,,,,,,,
,0:07:24,111,,,,,,,,
,0:07:25,112,,,,,,,,
,0:07:26,114,,,,,,,,
,0:07:27,116,,,,,,,,
,0:07:28,117,,,,,,,,
,0:07:29,117,,,,,,,,
,0:07:30,116,,,,,,,,
,0:07:31,116,,,,,,,,
,0:07:32,113,,,,,,,,
,0:07:33,113,,,,,,,,
,0:07:34,112,,,,,,,,
,0:07:35,112,,,,,,,,
,0:07:36,112,,,,,,,,
,0:07:37,114,,,,,,,,
,0:07:38,114,,,,,,,,
,0:07:39,114,,,,,,,,
,0:07:40,113,,,,,,,,
,0:07:41,113,,,,,,,,
,0:07:42,113,,,,,,,,
,0:07:43,114,,,,,,,,
,0:07:44,114,,,,,,,,
,0:07:45,115,,,,,,,,
,0:07:46,116,,,,,,,,
,0:07:47,116,,,,,,,,
,0:07:48,116,,,,,,,,
,0:07:49,116,,,,,,,,
,0:07:50,116,,,,,,,,
,0:07:51,116,,,,,,,,
,0:07:52,116,,,,,,,,
,0:07:53,117,,,,,,,,
,0:07:54,117,,,,,,,,
,0:07:55,117,,,,,,,,
,0:07:56,118,,,,,,,,
,0:07:57,116,,,,,,,,
,0:07:58,116,,,,,,,,
,0:07:59,113,,,,,,,,
,0:08:00,112,,,,,,,,
,0:08:01,112,,,,,,,,
,0:08:02,115,,,,,,,,
,0:08:03,116,,,,,,,,
,0:08:04,117,,,,,,,,
,0:08:05,117,,,,,,,,
,0:08:06,116,,,,,,,,
,0:08:07,116,,,,,,,,
,0:08:08,116,,,,,,,,
,0:08:09,117,,,,,,,,
,0:08:10,117,,,,,,,,
,0:08:11,117,,,,,,,,
,0:08:12,117,,,,,,,,
,0:08:13,117,,,,,,,,
,0:08:14,116,,,,,,,,
,0:08:15,116,,,,,,,,
,0:08:16,114,,,,,,,,
,0:08:17,114,,,,,,,,
,0:08:18,114,,,,,,,,
,0:08:19,115,,,,,,,,
,0:08:20,116,,,,,,,,
,0:08:21,115,,,,,,,,
,0:08:22,115,,,,,,,,
,0:08:23,114,,,,,,,,
,0:08:24,114,,,,,,,,
,0:08:25,115,,,,,,,,
,0:08:26,117,,,,,,,,
,0:08:27,118,,,,,,,,
,0:08:28,118,,,,,,,,
,0:08:29,117,,,,,,,,
,0:08:30,116,,,,,,,,
,0:08:31,116,,,,,,,,
,0:08:32,116,,,,,,,,
,0:08:33,116,,,,,,,,
,0:08:34,116,,,,,,,,
,0:08:35,117,,,,,,,,
,0:08:36,117,,,,,,,,
,0:08:37,117,,,,,,,,
,0:08:38,117,,,,,,,,
,0:08:39,117,,,,,,,,
,0:08:40,117,,,,,,,,
,0:08:41,116,,,,,,,,
,0:08:42,115,,,,,,,,
,0:08:43,114,,,,,,,,
,0:08:44,113,,,,,,,,
,0:08:45,113,,,,,,,,
,0:08:46,113,,,,,,,,
,0:08:47,115,,,,,,,,
,0:08:48,116,,,,,,,,
,0:08:49,117,,,,,,,,
,0:08:50,116,,,,,,,,
,0:08:51,116,,,,,,,,
,0:08:52,115,,,,,,,,
,0:08:53,115,,,,,,,,
,0:08:54,116,,,,,,,,
,0:08:55,116,,,,,,,,
,0:08:56,116,,,,,,,,
,0:08:57,117,,,,,,,,
,0:08:58,117,,,,,,,,
,0:08:59,117,,,,,,,,
,0:09:00,117,,,,,,,,
,0:09:01,117,,,,,,,,
,0:09:02,115,,,,,,,,
,0:09:03,114,,,,,,,,
,0:09:04,114,,,,,,,,
,0:09:05,113,,,,,,,,
,0:09:06,114,,,,,,,,
,0:09:07,115,,,,,,,,
,0:09:08,116,,,,,,,,
,0:09:09,118,,,,,,,,
,0:09:10,118,,,,,,,,
,0:09:11,118,,,,,,,,
,0:09:12,118,,,,,,,,
,0:09:13,116,,,,,,,,
,0:09:14,117,,,,,,,,
,0:09:15,118,,,,,,,,
,0:09:16,118,,,,,,,,
,0:09:17,119,,,,,,,,
,0:09:18,119,,,,,,,,
,0:09:19,119,,,,,,,,
,0:09:20,120,,,,,,,,
,0:09:21,122,,,,,,,,
,0:09:22,122,,,,,,,,
,0:09:23,122,,,,,,,,
,0:09:24,121,,,,,,,,
,0:09:25,121,,,,,,,,
,0:09:26,119,,,,,,,,
,0:09:27,119,,,,,,,,
,0:09:28,120,,,,,,,,
,0:09:29,120,,,,,,,,
,0:09:30,121,,,,,,,,
,0:09:31,121,,,,,,,,
,0:09:32,119,,,,,,,,
,0:09:33,118,,,,,,,,
,0:09:34,117,,,,,,,,
,0:09:35,116,,,,,,,,
,0:09:36,116,,,,,,,,
,0:09:37,116,,,,,,,,
,0:09:38,117,,,,,,,,
,0:09:39,119,,,,,,,,
,0:09:40,120,,,,,,,,
,0:09:41,121,,,,,,,,
,0:09:42,122,,,,,,,,
,0:09:43,122,,,,,,,,
,0:09:44,121,,,,,,,,
,0:09:45,121,,,,,,,,
,0:09:46,120,,,,,,,,
,0:09:47,120,,,,,,,,
,0:09:48,120,,,,,,,,
,0:09:49,120,,,,,,,,
,0:09:50,120,,,,,,,,
,0:09:51,120,,,,,,,,
,0:09:52,120,,,,,,,,
,0:09:53,120,,,,,,,,
,0:09:54,119,,,,,,,,
,0:09:55,117,,,,,,,,
,0:09:56,115,,,,,,,,
,0:09:57,115,,,,,,,,
,0:09:58,114,,,,,,,,
,0:09:59,115,,,,,,,,
,0:10:00,115,,,,,,,,
,0:10:01,116,,,,,,,,
,0:10:02,117,,,,,,,,
,0:10:03,119,,,,,,,,
,0:10:04,120,,,,,,,,
,0:10:05,121,,,,,,,,
,0:10:06,122,,,,,,,,
,0:10:07,123,,,,,,,,
,0:10:08,123,,,,,,,,
,0:10:09,123,,,,,,,,
,0:10:10,123,,,,,,,,
,0:10:11,124,,,,,,,,
,0:10:12,125,,,,,,,,
,0:10:13,127,,,,,,,,
,0:10:14,129,,,,,,,,
,0:10:15,131,,,,,,,,
,0:10:16,133,,,,,,,,
,0:10:17,134,,,,,,,,
,0:10:18,135,,,,,,,,
,0:10:19,136,,,,,,,,
,0:10:20,137,,,,,,,,
,0:10:21,137,,,,,,,,
,0:10:22,137,,,,,,,,
,0:10:23,138,,,,,,,,
,0:10:24,138,,,,,,,,
,0:10:25,138,,,,,,,,
,0:10:26,138,,,,,,,,
,0:10:27,138,,,,,,,,
,0:10:28,138,,,,,,,,
,0:10:29,138,,,,,,,,
,0:10:30,139,,,,,,,,
,0:10:31,139,,,,,,,,
,0:10:32,139,,,,,,,,
,0:10:33,138,,,,,,,,
,0:10:34,136,,,,,,,,
,0:10:35,136,,,,,,,,
,0:10:36,135,,,,,,,,
,0:10:37,135,,,,,,,,
,0:10:38,134,,,,,,,,
,0:10:39,134,,,,,,,,
,0:10:40,136,,,,,,,,
,0:10:41,138,,,,,,,,
,0:10:42,139,,,,,,,,
,0:10:43,140,,,,,,,,
,0:10:44,140,,,,,,,,
,0:10:45,141,,,,,,,,
,0:10:46,141,,,,,,,,
,0:10:47,141,,,,,,,,
,0:10:48,141,,,,,,,,
,0:10:49,142,,,,,,,,
,0:10:50,143,,,,,,,,
,0:10:51,144,,,,,,,,
,0:10:52,145,,,,,,,,
,0:10:53,146,,,,,,,,
,0:10:54,147,,,,,,,,
,0:10:55,147,,,,,,,,
,0:10:56,147,,,,,,,,
,0:10:57,148,,,,,,,,
,0:10:58,148,,,,,,,,
,0:10:59,148,,,,,,,,
,0:11:00,148,,,,,,,,
,0:11:01,148,,,,,,,,
,0:11:02,149,,,,,,,,
,0:11:03,149,,,,,,,,
,0:11:04,148,,,,,,,,
,0:11:05,148,,,,,,,,
,0:11:06,148,,,,,,,,
,0:11:07,146,,,,,,,,
,0:11:08,145,,,,,,,,
,0:11:09,144,,,,,,,,
,0:11:10,143,,,,,,,,
,0:11:11,142,,,,,,,,
,0:11:12,142,,,,,,,,
,0:11:13,142,,,,,,,,
,0:11:14,142,,,,,,,,
,0:11:15,141,,,,,,,,
,0:11:16,138,,,,,,,,
,0:11:17,136,,,,,,,,
,0:11:18,135,,,,,,,,
,0:11:19,133,,,,,,,,
,0:11:20,132,,,,,,,,
,0:11:21,133,,,,,,,,
,0:11:22,132,,,,,,,,
,0:11:23,131,,,,,,,,
,0:11:24,128,,,,,,,,
,0:11:25,127,,,,,,,,
,0:11:26,127,,,,,,,,
,0:11:27,128,,,,,,,,
,0:11:28,128,,,,,,,,
,0:11:29,127,,,,,,,,
,0:11:30,127,,,,,,,,
,0:11:31,127,,,,,,,,
,0:11:32,126,,,,,,,,
,0:11:33,125,,,,,,,,
,0:11:34,123,,,,,,,,
,0:11:35,123,,,,,,,,
,0:11:36,123,,,,,,,,
,0:11:37,124,,,,,,,,
,0:11:38,124,,,,,,,,
,0:11:39,123,,,,,,,,
,0:11:40,123,,,,,,,,
,0:11:41,124,,,,,,,,
,0:11:42,126,,,,,,,,
,0:11:43,126,,,,,,,,
,0:11:44,124,,,,,,,,
,0:11:45,122,,,,,,,,
,0:11:46,121,,,,,,,,
,0:11:47,120,,,,,,,,
,0:11:48,120,,,,,,,,
,0:11:49,119,,,,,,,,
,0:11:50,118,,,,,,,,
,0:11:51,116,,,,,,,,
,0:11:52,116,,,,,,,,
,0:11:53,116,,,,,,,,
,0:11:54,116,,,,,,,,
,0:11:55,116,,,,,,,,
,0:11:56,114,,,,,,,,
,0:11:57,111,,,,,,,,
,0:11:58,109,,,,,,,,
,0:11:59,109,,,,,,,,
,0:12:00,110,,,,,,,,
,0:12:01,110,,,,,,,,
,0:12:02,112,,,,,,,,
,0:12:03,112,,,,,,,,
,0:12:04,111,,,,,,,,
,0:12:05,111,,,,,,,,
,0:12:06,111,,,,,,,,
,0:12:07,112,,,,,,,,
,0:12:08,114,,,,,,,,
,0:12:09,114,,,,,,,,
,0:12:10,115,,,,,,,,
,0:12:11,116,,,,,,,,
,0:12:12,118,,,,,,,,
,0:12:13,120,,,,,,,,
,0:12:14,122,,,,,,,,
,0:12:15,124,,,,,,,,
,0:12:16,126,,,,,,,,
,0:12:17,127,,,,,,,,
,0:12:18,127,,,,,,,,
,0:12:19,130,,,,,,,,
,0:12:20,133,,,,,,,,
,0:12:21,133,,,,,,,,
,0:12:22,135,,,,,,,,
,0:12:23,136,,,,,,,,
,0:12:24,137,,,,,,,,
,0:12:25,139,,,,,,,,
,0:12:26,139,,,,,,,,
,0:12:27,140,,,,,,,,
,0:12:28,140,,,,,,,,
,0:12:29,141,,,,,,,,
,0:12:30,141,,,,,,,,
,0:12:31,142,,,,,,,,
,0:12:32,142,,,,,,,,
,0:12:33,142,,,,,,,,
,0:12:34,142,,,,,,,,
,0:12:35,143,,,,,,,,
,0:12:36,143,,,,,,,,
,0:12:37,143,,,,,,,,
,0:12:38,144,,,,,,,,
,0:12:39,144,,,,,,,,
,0:12:40,143,,,,,,,,
,0:12:41,143,,,,,,,,
,0:12:42,142,,,,,,,,
,0:12:43,142,,,,,,,,
,0:12:44,143,,,,,,,,
,0:12:45,143,,,,,,,,
,0:12:46,144,,,,,,,,
,0:12:47,145,,,,,,,,
,0:12:48,146,,,,,,,,
,0:12:49,146,,,,,,,,
,0:12:50,146,,,,,,,,
,0:12:51,145,,,,,,,,
,0:12:52,145,,,,,,,,
,0:12:53,145,,,,,,,,
,0:12:54,146,,,,,,,,
,0:12:55,146,,,,,,,,
,0:12:56,147,,,,,,,,
,0:12:57,147,,,,,,,,
,0:12:58,148,,,,,,,,
,0:12:59,148,,,,,,,,
,0:13:00,148,,,,,,,,
,0:13:01,147,,,,,,,,
,0:13:02,145,,,,,,,,
,0:13:03,144,,,,,,,,
,0:13:04,143,,,,,,,,
,0:13:05,143,,,,,,,,
,0:13:06,143,,,,,,,,
,0:13:07,143,,,,,,,,
,0:13:08,143,,,,,,,,
,0:13:09,143,,,,,,,,
,0:13:10,143,,,,,,,,
,0:13:11,142,,,,,,,,
,0:13:12,143,,,,,,,,
,0:13:13,142,,,,,,,,
,0:13:14,142,,,,,,,,
,0:13:15,140,,,,,,,,
,0:13:16,138,,,,,,,,
,0:13:17,137,,,,,,,,
,0:13:18,135,,,,,,,,
,0:13:19,133,,,,,,,,
,0:13:20,131,,,,,,,,
,0:13:21,131,,,,,,,,
,0:13:22,128,,,,,,,,
,0:13:23,127,,,,,,,,
,0:13:24,126,,,,,,,,
,0:13:25,126,,,,,,,,
,0:13:26,125,,,,,,,,
,0:13:27,124,,,,,,,,
,0:13:28,125,,,,,,,,
,0:13:29,126,,,,,,,,
,0:13:30,127,,,,,,,,
,0:13:31,128,,,,,,,,
,0:13:32,128,,,,,,,,
,0:13:33,128,,,,,,,,
,0:13:34,127,,,,,,,,
,0:13:35,127,,,,,,,,
,0:13:36,126,,,,,,,,
,0:13:37,126,,,,,,,,
,0:13:38,127,,,,,,,,
,0:13:39,127,,,,,,,,
,0:13:40,126,,,,,,,,
,0:13:41,125,,,,,,,,
,0:13:42,125,,,,,,,,
,0:13:43,120,,,,,,,,
,0:13:44,118,,,,,,,,
,0:13:45,118,,,,,,,,
,0:13:46,117,,,,,,,,
,0:13:47,117,,,,,,,,
,0:13:48,118,,,,,,,,
,0:13:49,120,,,,,,,,
,0:13:50,121,,,,,,,,
,0:13:51,120,,,,,,,,
,0:13:52,119,,,,,,,,
,0:13:53,119,,,,,,,,
,0:13:54,119,,,,,,,,
,0:13:55,119,,,,,,,,
,0:13:56,118,,,,,,,,
,0:13:57,118,,,,,,,,
,0:13:58,118,,,,,,,,
,0:13:59,120,,,,,,,,
,0:14:00,120,,,,,,,,
,0:14:01,120,,,,,,,,
,0:14:02,119,,,,,,,,
,0:14:03,118,,,,,,,,
,0:14:04,118,,,,,,,,
,0:14:05,116,,,,,,,,
,0:14:06,115,,,,,,,,
,0:14:07,113,,,,,,,,
,0:14:08,113,,,,,,,,
,0:14:09,113,,,,,,,,
,0:14:10,114,,,,,,,,
,0:14:11,116,,,,,,,,
,0:14:12,120,,,,,,,,
,0:14:13,120,,,,,,,,
,0:14:14,121,,,,,,,,
,0:14:15,121,,,,,,,,
,0:14:16,124,,,,,,,,
,0:14:17,126,,,,,,,,
,0:14:18,127,,,,,,,,
,0:14:19,128,,,,,,,,
,0:14:20,129,,,,,,,,
,0:14:21,129,,,,,,,,
,0:14:22,129,,,,,,,,
,0:14:23,130,,,,,,,,
,0:14:24,131,,,,,,,,
,0:14:25,131,,,,,,,,
,0:14:26,132,,,,,,,,
,0:14:27,132,,,,,,,,
,0:14:28,134,,,,,,,,
,0:14:29,135,,,,,,,,
,0:14:30,135,,,,,,,,
,0:14:31,136,,,,,,,,
,0:14:32,137,,,,,,,,
,0:14:33,138,,,,,,,,
,0:14:34,138,,,,,,,,
,0:14:35,140,,,,,,,,
,0:14:36,140,,,,,,,,
,0:14:37,141,,,,,,,,
,0:14:38,141,,,,,,,,
,0:14:39,141,,,,,,,,
,0:14:40,142,,,,,,,,
,0:14:41,142,,,,,,,,
,0:14:42,142,,,,,,,,
,0:14:43,143,,,,,,,,
,0:14:44,143,,,,,,,,
,0:14:45,145,,,,,,,,
,0:14:46,145,,,,,,,,
,0:14:47,146,,,,,,,,
,0:14:48,147,,,,,,,,
,0:14:49,147,,,,,,,,
,0:14:50,148,,,,,,,,
,0:14:51,148,,,,,,,,
,0:14:52,148,,,,,,,,
,0:14:53,149,,,,,,,,
,0:14:54,149,,,,,,,,
,0:14:55,149,,,,,,,,
,0:14:56,148,,,,,,,,
,0:14:57,148,,,,,,,,
,0:14:58,148,,,,,,,,
,0:14:59,148,,,,,,,,
,0:15:00,149,,,,,,,,
,0:15:01,149,,,,,,,,
,0:15:02,149,,,,,,,,
,0:15:03,149,,,,,,,,
,0:15:04,149,,,,,,,,
,0:15:05,148,,,,,,,,
,0:15:06,146,,,,,,,,
,0:15:07,145,,,,,,,,
,0:15:08,145,,,,,,,,
,0:15:09,144,,,,,,,,
,0:15:10,144,,,,,,,,
,0:15:11,144,,,,,,,,
,0:15:12,144,,,,,,,,
,0:15:13,144,,,,,,,,
,0:15:14,143,,,,,,,,
,0:15:15,143,,,,,,,,
,0:15:16,140,,,,,,,,
,0:15:17,140,,,,,,,,
,0:15:18,139,,,,,,,,
,0:15:19,138,,,,,,,,
,0:15:20,139,,,,,,,,
,0:15:21,138,,,,,,,,
,0:15:22,138,,,,,,,,
,0:15:23,137,,,,,,,,
,0:15:24,135,,,,,,,,
,0:15:25,132,,,,,,,,
,0:15:26,128,,,,,,,,
,0:15:27,125,,,,,,,,
,0:15:28,124,,,,,,,,
,0:15:29,123,,,,,,,,
,0:15:30,123,,,,,,,,
,0:15:31,124,,,,,,,,
,0:15:32,125,,,,,,,,
,0:15:33,125,,,,,,,,
,0:15:34,126,,,,,,,,
,0:15:35,125,,,,,,,,
,0:15:36,125,,,,,,,,
,0:15:37,124,,,,,,,,
,0:15:38,124,,,,,,,,
,0:15:39,125,,,,,,,,
,0:15:40,126,,,,,,,,
,0:15:41,126,,,,,,,,
,0:15:42,125,,,,,,,,
,0:15:43,122,,,,,,,,
,0:15:44,120,,,,,,,,
,0:15:45,120,,,,,,,,
,0:15:46,121,,,,,,,,
,0:15:47,121,,,,,,,,
,0:15:48,121,,,,,,,,
,0:15:49,121,,,,,,,,
,0:15:50,122,,,,,,,,
,0:15:51,122,,,,,,,,
,0:15:52,122,,,,,,,,
,0:15:53,121,,,,,,,,
,0:15:54,119,,,,,,,,
,0:15:55,118,,,,,,,,
,0:15:56,117,,,,,,,,
,0:15:57,117,,,,,,,,
,0:15:58,118,,,,,,,,
,0:15:59,119,,,,,,,,
,0:16:00,119,,,,,,,,
,0:16:01,118,,,,,,,,
,0:16:02,118,,,,,,,,
,0:16:03,118,,,,,,,,
,0:16:04,118,,,,,,,,
,0:16:05,120,,,,,,,,
,0:16:06,120,,,,,,,,
,0:16:07,120,,,,,,,,
,0:16:08,120,,,,,,,,
,0:16:09,121,,,,,,,,
,0:16:10,122,,,,,,,,
,0:16:11,123,,,,,,,,
,0:16:12,125,,,,,,,,
,0:16:13,126,,,,,,,,
,0:16:14,128,,,,,,,,
,0:16:15,129,,,,,,,,
,0:16:16,130,,,,,,,,
,0:16:17,130,,,,,,,,
,0:16:18,132,,,,,,,,
,0:16:19,132,,,,,,,,
,0:16:20,132,,,,,,,,
,0:16:21,133,,,,,,,,
,0:16:22,133,,,,,,,,
,0:16:23,135,,,,,,,,
,0:16:24,136,,,,,,,,
,0:16:25,136,,,,,,,,
,0:16:26,136,,,,,,,,
,0:16:27,136,,,,,,,,
,0:16:28,136,,,,,,,,
,0:16:29,137,,,,,,,,
,0:16:30,138,,,,,,,,
,0:16:31,139,,,,,,,,
,0:16:32,141,,,,,,,,
,0:16:33,142,,,,,,,,
,0:16:34,144,,,,,,,,
,0:16:35,145,,,,,,,,
,0:16:36,145,,,,,,,,
,0:16:37,147,,,,,,,,
,0:16:38,147,,,,,,,,
,0:16:39,147,,,,,,,,
,0:16:40,147,,,,,,,,
,0:16:41,148,,,,,,,,
,0:16:42,148,,,,,,,,
,0:16:43,149,,,,,,,,
,0:16:44,149,,,,,,,,
,0:16:45,149,,,,,,,,
,0:16:46,149,,,,,,,,
,0:16:47,149,,,,,,,,
,0:16:48,148,,,,,,,,
,0:16:49,148,,,,,,,,
,0:16:50,148,,,,,,,,
,0:16:51,149,,,,,,,,
,0:16:52,149,,,,,,,,
,0:16:53,149,,,,,,,,
,0:16:54,150,,,,,,,,
,0:16:55,150,,,,,,,,
,0:16:56,150,,,,,,,,
,0:16:57,151,,,,,,,,
,0:16:58,151,,,,,,,,
,0:16:59,151,,,,,,,,
,0:17:00,151,,,,,,,,
,0:17:01,151,,,,,,,,
,0:17:02,151,,,,,,,,
,0:17:03,150,,,,,,,,
,0:17:04,150,,,,,,,,
,0:17:05,150,,,,,,,,
,0:17:06,149,,,,,,,,
,0:17:07,149,,,,,,,,
,0:17:08,147,,,,,,,,
,0:17:09,146,,,,,,,,
,0:17:10,145,,,,,,,,
,0:17:11,144,,,,,,,,
,0:17:12,144,,,,,,,,
,0:17:13,145,,,,,,,,
,0:17:14,145,,,,,,,,
,0:17:15,145,,,,,,,,
,0:17:16,144,,,,,,,,
,0:17:17,144,,,,,,,,
,0:17:18,142,,,,,,,,
,0:17:19,141,,,,,,,,
,0:17:20,140,,,,,,,,
,0:17:21,141,,,,,,,,
,0:17:22,141,,,,,,,,
,0:17:23,141,,,,,,,,
,0:17:24,141,,,,,,,,
,0:17:25,141,,,,,,,,
,0:17:26,139,,,,,,,,
,0:17:27,138,,,,,,,,
,0:17:28,137,,,,,,,,
,0:17:29,137,,,,,,,,
,0:17:30,137,,,,,,,,
,0:17:31,136,,,,,,,,
,0:17:32,134,,,,,,,,
,0:17:33,131,,,,,,,,
,0:17:34,130,,,,,,,,
,0:17:35,130,,,,,,,,
,0:17:36,129,,,,,,,,
,0:17:37,129,,,,,,,,
,0:17:38,129,,,,,,,,
,0:17:39,128,,,,,,,,
,0:17:40,128,,,,,,,,
,0:17:41,126,,,,,,,,
,0:17:42,125,,,,,,,,
,0:17:43,124,,,,,,,,
,0:17:44,124,,,,,,,,
,0:17:45,123,,,,,,,,
,0:17:46,122,,,,,,,,
,0:17:47,122,,,,,,,,
,0:17:48,122,,,,,,,,
,0:17:49,121,,,,,,,,
,0:17:50,120,,,,,,,,
,0:17:51,120,,,,,,,,
,0:17:52,121,,,,,,,,
,0:17:53,121,,,,,,,,
,0:17:54,122,,,,,,,,
,0:17:55,124,,,,,,,,
,0:17:56,123,,,,,,,,
,0:17:57,123,,,,,,,,
,0:17:58,122,,,,,,,,
,0:17:59,121,,,,,,,,
,0:18:00,121,,,,,,,,
,0:18:01,118,,,,,,,,
,0:18:02,117,,,,,,,,
,0:18:03,118,,,,,,,,
,0:18:04,118,,,,,,,,
,0:18:05,120,,,,,,,,
,0:18:06,118,,,,,,,,
,0:18:07,115,,,,,,,,
,0:18:08,114,,,,,,,,
,0:18:09,114,,,,,,,,
,0:18:10,113,,,,,,,,
,0:18:11,115,,,,,,,,
,0:18:12,118,,,,,,,,
,0:18:13,120,,,,,,,,
,0:18:14,122,,,,,,,,
,0:18:15,123,,,,,,,,
,0:18:16,123,,,,,,,,
,0:18:17,128,,,,,,,,
,0:18:18,130,,,,,,,,
,0:18:19,131,,,,,,,,
,0:18:20,132,,,,,,,,
,0:18:21,132,,,,,,,,
,0:18:22,133,,,,,,,,
,0:18:23,134,,,,,,,,
,0:18:24,135,,,,,,,,
,0:18:25,135,,,,,,,,
,0:18:26,135,,,,,,,,
,0:18:27,136,,,,,,,,
,0:18:28,137,,,,,,,,
,0:18:29,140,,,,,,,,
,0:18:30,141,,,,,,,,
,0:18:31,143,,,,,,,,
,0:18:32,144,,,,,,,,
,0:18:33,144,,,,,,,,
,0:18:34,144,,,,,,,,
,0:18:35,145,,,,,,,,
,0:18:36,145,,,,,,,,
,0:18:37,146,,,,,,,,
,0:18:38,146,,,,,,,,
,0:18:39,147,,,,,,,,
,0:18:40,148,,,,,,,,
,0:18:41,149,,,,,,,,
,0:18:42,149,,,,,,,,
,0:18:43,150,,,,,,,,
,0:18:44,150,,,,,,,,
,0:18:45,150,,,,,,,,
,0:18:46,151,,,,,,,,
,0:18:47,151,,,,,,,,
,0:18:48,151,,,,,,,,
,0:18:49,152,,,,,,,,
,0:18:50,152,,,,,,,,
,0:18:51,153,,,,,,,,
,0:18:52,153,,,,,,,,
,0:18:53,154,,,,,,,,
,0:18:54,154,,,,,,,,
,0:18:55,153,,,,,,,,
,0:18:56,154,,,,,,,,
,0:18:57,154,,,,,,,,
,0:18:58,154,,,,,,,,
,0:18:59,154,,,,,,,,
,0:19:00,154,,,,,,,,
,0:19:01,155,,,,,,,,
,0:19:02,155,,,,,,,,
,0:19:03,154,,,,,,,,
,0:19:04,153,,,,,,,,
,0:19:05,152,,,,,,,,
,0:19:06,151,,,,,,,,
,0:19:07,150,,,,,,,,
,0:19:08,149,,,,,,,,
,0:19:09,149,,,,,,,,
,0:19:10,149,,,,,,,,
,0:19:11,149,,,,,,,,
,0:19:12,149,,,,,,,,
,0:19:13,147,,,,,,,,
,0:19:14,146,,,,,,,,
,0:19:15,146,,,,,,,,
,0:19:16,146,,,,,,,,
,0:19:17,145,,,,,,,,
,0:19:18,144,,,,,,,,
,0:19:19,144,,,,,,,,
,0:19:20,141,,,,,,,,
,0:19:21,141,,,,,,,,
,0:19:22,133,,,,,,,,
,0:19:23,131,,,,,,,,
,0:19:24,132,,,,,,,,
,0:19:25,133,,,,,,,,
,0:19:26,133,,,,,,,,
,0:19:27,133,,,,,,,,
,0:19:28,133,,,,,,,,
,0:19:29,132,,,,,,,,
,0:19:30,132,,,,,,,,
,0:19:31,131,,,,,,,,
,0:19:32,130,,,,,,,,
,0:19:33,130,,,,,,,,
,0:19:34,130,,,,,,,,
,0:19:35,129,,,,,,,,
,0:19:36,128,,,,,,,,
,0:19:37,128,,,,,,,,
,0:19:38,128,,,,,,,,
,0:19:39,128,,,,,,,,
,0:19:40,128,,,,,,,,
,0:19:41,128,,,,,,,,
,0:19:42,126,,,,,,,,
,0:19:43,126,,,,,,,,
,0:19:44,126,,,,,,,,
,0:19:45,126,,,,,,,,
,0:19:46,126,,,,,,,,
,0:19:47,125,,,,,,,,
,0:19:48,125,,,,,,,,
,0:19:49,122,,,,,,,,
,0:19:50,122,,,,,,,,
,0:19:51,122,,,,,,,,
,0:19:52,122,,,,,,,,
,0:19:53,122,,,,,,,,
,0:19:54,123,,,,,,,,
,0:19:55,122,,,,,,,,
,0:19:56,121,,,,,,,,
,0:19:57,120,,,,,,,,
,0:19:58,120,,,,,,,,
,0:19:59,119,,,,,,,,
,0:20:00,118,,,,,,,,
,0:20:01,118,,,,,,,,
,0:20:02,118,,,,,,,,
,0:20:03,119,,,,,,,,
,0:20:04,119,,,,,,,,
,0:20:05,122,,,,,,,,
,0:20:06,122,,,,,,,,
,0:20:07,122,,,,,,,,
,0:20:08,121,,,,,,,,
,0:20:09,121,,,,,,,,
,0:20:10,121,,,,,,,,
,0:20:11,123,,,,,,,,
,0:20:12,125,,,,,,,,
,0:20:13,128,,,,,,,,
,0:20:14,130,,,,,,,,
,0:20:15,132,,,,,,,,
,0:20:16,133,,,,,,,,
,0:20:17,135,,,,,,,,
,0:20:18,134,,,,,,,,
,0:20:19,134,,,,,,,,
,0:20:20,133,,,,,,,,
,0:20:21,132,,,,,,,,
,0:20:22,132,,,,,,,,
,0:20:23,133,,,,,,,,
,0:20:24,133,,,,,,,,
,0:20:25,134,,,,,,,,
,0:20:26,135,,,,,,,,
,0:20:27,136,,,,,,,,
,0:20:28,136,,,,,,,,
,0:20:29,138,,,,,,,,
,0:20:30,138,,,,,,,,
,0:20:31,139,,,,,,,,
,0:20:32,139,,,,,,,,
,0:20:33,140,,,,,,,,
,0:20:34,140,,,,,,,,
,0:20:35,140,,,,,,,,
,0:20:36,141,,,,,,,,
,0:20:37,142,,,,,,,,
,0:20:38,143,,,,,,,,
,0:20:39,143,,,,,,,,
,0:20:40,145,,,,,,,,
,0:20:41,146,,,,,,,,
,0:20:42,147,,,,,,,,
,0:20:43,148,,,,,,,,
,0:20:44,148,,,,,,,,
,0:20:45,148,,,,,,,,
,0:20:46,149,,,,,,,,
,0:20:47,149,,,,,,,,
,0:20:48,150,,,,,,,,
,0:20:49,150,,,,,,,,
,0:20:50,151,,,,,,,,
,0:20:51,152,,,,,,,,
,0:20:52,153,,,,,,,,
,0:20:53,153,,,,,,,,
,0:20:54,154,,,,,,,,
,0:20:55,154,,,,,,,,
,0:20:56,154,,,,,,,,
,0:20:57,154,,,,,,,,
,0:20:58,154,,,,,,,,
,0:20:59,154,,,,,,,,
,0:21:00,154,,,,,,,,
,0:21:01,154,,,,,,,,
,0:21:02,154,,,,,,,,
,0:21:03,154,,,,,,,,
,0:21:04,153,,,,,,,,
,0:21:05,153,,,,,,,,
,0:21:06,153,,,,,,,,
,0:21:07,153,,,,,,,,
,0:21:08,152,,,,,,,,
,0:21:09,151,,,,,,,,
,0:21:10,150,,,,,,,,
,0:21:11,150,,,,,,,,
,0:21:12,150,,,,,,,,
,0:21:13,150,,,,,,,,
,0:21:14,150,,,,,,,,
,0:21:15,149,,,,,,,,
,0:21:16,148,,,,,,,,
,0:21:17,146,,,,,,,,
,0:21:18,144,,,,,,,,
,0:21:19,142,,,,,,,,
,0:21:20,141,,,,,,,,
,0:21:21,140,,,,,,,,
,0:21:22,140,,,,,,,,
,0:21:23,139,,,,,,,,
,0:21:24,138,,,,,,,,
,0:21:25,138,,,,,,,,
,0:21:26,137,,,,,,,,
,0:21:27,137,,,,,,,,
,0:21:28,133,,,,,,,,
,0:21:29,131,,,,,,,,
,0:21:30,131,,,,,,,,
,0:21:31,131,,,,,,,,
,0:21:32,131,,,,,,,,
,0:21:33,131,,,,,,,,
,0:21:34,131,,,,,,,,
,0:21:35,131,,,,,,,,
,0:21:36,130,,,,,,,,
,0:21:37,128,,,,,,,,
,0:21:38,127,,,,,,,,
,0:21:39,126,,,,,,,,
,0:21:40,125,,,,,,,,
,0:21:41,126,,,,,,,,
,0:21:42,125,,,,,,,,
,0:21:43,125,,,,,,,,
,0:21:44,125,,,,,,,,
,0:21:45,124,,,,,,,,
,0:21:46,124,,,,,,,,
,0:21:47,123,,,,,,,,
,0:21:48,122,,,,,,,,
,0:21:49,121,,,,,,,,
,0:21:50,121,,,,,,,,
,0:21:51,122,,,,,,,,
,0:21:52,124,,,,,,,,
,0:21:53,124,,,,,,,,
,0:21:54,125,,,,,,,,
,0:21:55,125,,,,,,,,
,0:21:56,125,,,,,,,,
,0:21:57,124,,,,,,,,
,0:21:58,123,,,,,,,,
,0:21:59,121,,,,,,,,
,0:22:00,119,,,,,,,,
,0:22:01,118,,,,,,,,
,0:22:02,119,,,,,,,,
,0:22:03,120,,,,,,,,
,0:22:04,120,,,,,,,,
,0:22:05,120,,,,,,,,
,0:22:06,121,,,,,,,,
,0:22:07,122,,,,,,,,
,0:22:08,122,,,,,,,,
,0:22:09,122,,,,,,,,
,0:22:10,122,,,,,,,,
,0:22:11,122,,,,,,,,
,0:22:12,123,,,,,,,,
,0:22:13,125,,,,,,,,
,0:22:14,128,,,,,,,,
,0:22:15,129,,,,,,,,
,0:22:16,130,,,,,,,,
,0:22:17,132,,,,,,,,
,0:22:18,133,,,,,,,,
,0:22:19,134,,,,,,,,
,0:22:20,134,,,,,,,,
,0:22:21,135,,,,,,,,
,0:22:22,135,,,,,,,,
,0:22:23,136,,,,,,,,
,0:22:24,137,,,,,,,,
,0:22:25,139,,,,,,,,
,0:22:26,140,,,,,,,,
,0:22:27,140,,,,,,,,
,0:22:28,141,,,,,,,,
,0:22:29,141,,,,,,,,
,0:22:30,141,,,,,,,,
,0:22:31,141,,,,,,,,
,0:22:32,143,,,,,,,,
,0:22:33,143,,,,,,,,
,0:22:34,143,,,,,,,,
,0:22:35,144,,,,,,,,
,0:22:36,144,,,,,,,,
,0:22:37,145,,,,,,,,
,0:22:38,145,,,,,,,,
,0:22:39,145,,,,,,,,
,0:22:40,145,,,,,,,,
,0:22:41,145,,,,,,,,
,0:22:42,145,,,,,,,,
,0:22:43,146,,,,,,,,
,0:22:44,147,,,,,,,,
,0:22:45,147,,,,,,,,
,0:22:46,149,,,,,,,,
,0:22:47,149,,,,,,,,
,0:22:48,150,,,,,,,,
,0:22:49,150,,,,,,,,
,0:22:50,151,,,,,,,,
,0:22:51,152,,,,,,,,
,0:22:52,152,,,,,,,,
,0:22:53,152,,,,,,,,
,0:22:54,153,,,,,,,,
,0:22:55,153,,,,,,,,
,0:22:56,153,,,,,,,,
,0:22:57,153,,,,,,,,
,0:22:58,153,,,,,,,,
,0:22:59,154,,,,,,,,
,0:23:00,154,,,,,,,,
,0:23:01,153,,,,,,,,
,0:23:02,153,,,,,,,,
,0:23:03,154,,,,,,,,
,0:23:04,154,,,,,,,,
,0:23:05,151,,,,,,,,
,0:23:06,151,,,,,,,,
,0:23:07,151,,,,,,,,
,0:23:08,150,,,,,,,,
,0:23:09,150,,,,,,,,
,0:23:10,149,,,,,,,,
,0:23:11,148,,,,,,,,
,0:23:12,147,,,,,,,,
,0:23:13,146,,,,,,,,
,0:23:14,145,,,,,,,,
,0:23:15,145,,,,,,,,
,0:23:16,140,,,,,,,,
,0:23:17,139,,,,,,,,
,0:23:18,138,,,,,,,,
,0:23:19,137,,,,,,,,
,0:23:20,137,,,,,,,,
,0:23:21,137,,,,,,,,
,0:23:22,138,,,,,,,,
,0:23:23,138,,,,,,,,
,0:23:24,136,,,,,,,,
,0:23:25,134,,,,,,,,
,0:23:26,133,,,,,,,,
,0:23:27,133,,,,,,,,
,0:23:28,134,,,,,,,,
,0:23:29,134,,,,,,,,
,0:23:30,135,,,,,,,,
,0:23:31,135,,,,,,,,
,0:23:32,132,,,,,,,,
,0:23:33,132,,,,,,,,
,0:23:34,131,,,,,,,,
,0:23:35,130,,,,,,,,
,0:23:36,130,,,,,,,,
,0:23:37,130,,,,,,,,
,0:23:38,130,,,,,,,,
,0:23:39,131,,,,,,,,
,0:23:40,131,,,,,,,,
,0:23:41,130,,,,,,,,
,0:23:42,129,,,,,,,,
,0:23:43,128,,,,,,,,
,0:23:44,127,,,,,,,,
,0:23:45,127,,,,,,,,
,0:23:46,127,,,,,,,,
,0:23:47,127,,,,,,,,
,0:23:48,126,,,,,,,,
,0:23:49,125,,,,,,,,
,0:23:50,124,,,,,,,,
,0:23:51,123,,,,,,,,
,0:23:52,123,,,,,,,,
,0:23:53,124,,,,,,,,
,0:23:54,124,,,,,,,,
,0:23:55,124,,,,,,,,
,0:23:56,124,,,,,,,,
,0:23:57,124,,,,,,,,
,0:23:58,125,,,,,,,,
,0:23:59,126,,,,,,,,
,0:24:00,128,,,,,,,,
,0:24:01,127,,,,,,,,
,0:24:02,125,,,,,,,,
,0:24:03,125,,,,,,,,
,0:24:04,123,,,,,,,,
,0:24:05,122,,,,,,,,
,0:24:06,122,,,,,,,,
,0:24:07,121,,,,,,,,
,0:24:08,120,,,,,,,,
,0:24:09,121,,,,,,,,
,0:24:10,121,,,,,,,,
,0:24:11,123,,,,,,,,
,0:24:12,126,,,,,,,,
,0:24:13,127,,,,,,,,
,0:24:14,129,,,,,,,,
,0:24:15,130,,,,,,,,
,0:24:16,130,,,,,,,,
,0:24:17,131,,,,,,,,
,0:24:18,132,,,,,,,,
,0:24:19,132,,,,,,,,
,0:24:20,133,,,,,,,,
,0:24:21,133,,,,,,,,
,0:24:22,133,,,,,,,,
,0:24:23,134,,,,,,,,
,0:24:24,134,,,,,,,,
,0:24:25,134,,,,,,,,
,0:24:26,134,,,,,,,,
,0:24:27,135,,,,,,,,
,0:24:28,136,,,,,,,,
,0:24:29,136,,,,,,,,
,0:24:30,137,,,,,,,,
,0:24:31,137,,,,,,,,
,0:24:32,138,,,,,,,,
,0:24:33,138,,,,,,,,
,0:24:34,141,,,,,,,,
,0:24:35,142,,,,,,,,
,0:24:36,142,,,,,,,,
,0:24:37,143,,,,,,,,
,0:24:38,144,,,,,,,,
,0:24:39,144,,,,,,,,
,0:24:40,144,,,,,,,,
,0:24:41,144,,,,,,,,
,0:24:42,144,,,,,,,,
,0:24:43,143,,,,,,,,
,0:24:44,143,,,,,,,,
,0:24:45,143,,,,,,,,
,0:24:46,144,,,,,,,,
,0:24:47,144,,,,,,,,
,0:24:48,145,,,,,,,,
,0:24:49,146,,,,,,,,
,0:24:50,146,,,,,,,,
,0:24:51,146,,,,,,,,
,0:24:52,146,,,,,,,,
,0:24:53,146,,,,,,,,
,0:24:54,147,,,,,,,,
,0:24:55,148,,,,,,,,
,0:24:56,148,,,,,,,,
,0:24:57,149,,,,,,,,
,0:24:58,149,,,,,,,,
,0:24:59,149,,,,,,,,
,0:25:00,149,,,,,,,,
,0:25:01,149,,,,,,,,
,0:25:02,149,,,,,,,,
,0:25:03,149,,,,,,,,
,0:25:04,149,,,,,,,,
,0:25:05,149,,,,,,,,
,0:25:06,149,,,,,,,,
,0:25:07,147,,,,,,,,
,0:25:08,146,,,,,,,,
,0:25:09,145,,,,,,,,
,0:25:10,144,,,,,,,,
,0:25:11,144,,,,,,,,
,0:25:12,143,,,,,,,,
,0:25:13,143,,,,,,,,
,0:25:14,143,,,,,,,,
,0:25:15,143,,,,,,,,
,0:25:16,141,,,,,,,,
,0:25:17,140,,,,,,,,
,0:25:18,139,,,,,,,,
,0:25:19,139,,,,,,,,
,0:25:20,139,,,,,,,,
,0:25:21,140,,,,,,,,
,0:25:22,140,,,,,,,,
,0:25:23,138,,,,,,,,
,0:25:24,136,,,,,,,,
,0:25:25,134,,,,,,,,
,0:25:26,131,,,,,,,,
,0:25:27,130,,,,,,,,
,0:25:28,131,,,,,,,,
,0:25:29,133,,,,,,,,
,0:25:30,135,,,,,,,,
,0:25:31,135,,,,,,,,
,0:25:32,135,,,,,,,,
,0:25:33,133,,,,,,,,
,0:25:34,133,,,,,,,,
,0:25:35,132,,,,,,,,
,0:25:36,132,,,,,,,,
,0:25:37,131,,,,,,,,
,0:25:38,129,,,,,,,,
,0:25:39,127,,,,,,,,
,0:25:40,126,,,,,,,,
,0:25:41,126,,,,,,,,
,0:25:42,125,,,,,,,,
,0:25:43,125,,,,,,,,
,0:25:44,125,,,,,,,,
,0:25:45,124,,,,,,,,
,0:25:46,123,,,,,,,,
,0:25:47,121,,,,,,,,
,0:25:48,120,,,,,,,,
,0:25:49,120,,,,,,,,
,0:25:50,120,,,,,,,,
,0:25:51,119,,,,,,,,
,0:25:52,118,,,,,,,,
,0:25:53,117,,,,,,,,
,0:25:54,117,,,,,,,,
,0:25:55,119,,,,,,,,
,0:25:56,120,,,,,,,,
,0:25:57,122,,,,,,,,
,0:25:58,122,,,,,,,,
,0:25:59,121,,,,,,,,
,0:26:00,119,,,,,,,,
,0:26:01,119,,,,,,,,
,0:26:02,118,,,,,,,,
,0:26:03,118,,,,,,,,
,0:26:04,120,,,,,,,,
,0:26:05,122,,,,,,,,
,0:26:06,122,,,,,,,,
,0:26:07,122,,,,,,,,
,0:26:08,122,,,,,,,,
,0:26:09,120,,,,,,,,
,0:26:10,119,,,,,,,,
,0:26:11,118,,,,,,,,
,0:26:12,119,,,,,,,,
,0:26:13,120,,,,,,,,
,0:26:14,122,,,,,,,,
,0:26:15,123,,,,,,,,
,0:26:16,125,,,,,,,,
,0:26:17,126,,,,,,,,
,0:26:18,128,,,,,,,,
,0:26:19,129,,,,,,,,
,0:26:20,130,,,,,,,,
,0:26:21,130,,,,,,,,
,0:26:22,131,,,,,,,,
,0:26:23,132,,,,,,,,
,0:26:24,133,,,,,,,,
,0:26:25,134,,,,,,,,
,0:26:26,135,,,,,,,,
,0:26:27,135,,,,,,,,
,0:26:28,136,,,,,,,,
,0:26:29,136,,,,,,,,
,0:26:30,137,,,,,,,,
,0:26:31,138,,,,,,,,
,0:26:32,138,,,,,,,,
,0:26:33,139,,,,,,,,
,0:26:34,140,,,,,,,,
,0:26:35,140,,,,,,,,
,0:26:36,141,,,,,,,,
,0:26:37,141,,,,,,,,
,0:26:38,142,,,,,,,,
,0:26:39,142,,,,,,,,
,0:26:40,143,,,,,,,,
,0:26:41,143,,,,,,,,
,0:26:42,143,,,,,,,,
,0:26:43,142,,,,,,,,
,0:26:44,142,,,,,,,,
,0:26:45,142,,,,,,,,
,0:26:46,142,,,,,,,,
,0:26:47,142,,,,,,,,
,0:26:48,144,,,,,,,,
,0:26:49,144,,,,,,,,
,0:26:50,145,,,,,,,,
,0:26:51,146,,,,,,,,
,0:26:52,146,,,,,,,,
,0:26:53,146,,,,,,,,
,0:26:54,146,,,,,,,,
,0:26:55,146,,,,,,,,
,0:26:56,147,,,,,,,,
,0:26:57,147,,,,,,,,
,0:26:58,147,,,,,,,,
,0:26:59,148,,,,,,,,
,0:27:00,149,,,,,,,,
,0:27:01,149,,,,,,,,
,0:27:02,149,,,,,,,,
,0:27:03,149,,,,,,,,
,0:27:04,148,,,,,,,,
,0:27:05,148,,,,,,,,
,0:27:06,148,,,,,,,,
,0:27:07,147,,,,,,,,
,0:27:08,146,,,,,,,,
,0:27:09,146,,,,,,,,
,0:27:10,144,,,,,,,,
,0:27:11,142,,,,,,,,
,0:27:12,142,,,,,,,,
,0:27:13,141,,,,,,,,
,0:27:14,140,,,,,,,,
,0:27:15,139,,,,,,,,
,0:27:16,138,,,,,,,,
,0:27:17,138,,,,,,,,
,0:27:18,139,,,,,,,,
,0:27:19,139,,,,,,,,
,0:27:20,139,,,,,,,,
,0:27:21,139,,,,,,,,
,0:27:22,139,,,,,,,,
,0:27:23,139,,,,,,,,
,0:27:24,138,,,,,,,,
,0:27:25,138,,,,,,,,
,0:27:26,137,,,,,,,,
,0:27:27,136,,,,,,,,
,0:27:28,135,,,,,,,,
,0:27:29,132,,,,,,,,
,0:27:30,132,,,,,,,,
,0:27:31,132,,,,,,,,
,0:27:32,132,,,,,,,,
,0:27:33,132,,,,,,,,
,0:27:34,132,,,,,,,,
,0:27:35,131,,,,,,,,
,0:27:36,129,,,,,,,,
,0:27:37,129,,,,,,,,
,0:27:38,126,,,,,,,,
,0:27:39,125,,,,,,,,
,0:27:40,125,,,,,,,,
,0:27:41,124,,,,,,,,
,0:27:42,124,,,,,,,,
,0:27:43,123,,,,,,,,
,0:27:44,123,,,,,,,,
,0:27:45,123,,,,,,,,
,0:27:46,123,,,,,,,,
,0:27:47,124,,,,,,,,
,0:27:48,124,,,,,,,,
,0:27:49,124,,,,,,,,
,0:27:50,123,,,,,,,,
,0:27:51,121,,,,,,,,
,0:27:52,121,,,,,,,,
,0:27:53,121,,,,,,,,
,0:27:54,121,,,,,,,,
,0:27:55,121,,,,,,,,
,0:27:56,120,,,,,,,,
,0:27:57,120,,,,,,,,
,0:27:58,119,,,,,,,,
,0:27:59,118,,,,,,,,
,0:28:00,117,,,,,,,,
,0:28:01,116,,,,,,,,
,0:28:02,119,,,,,,,,
,0:28:03,121,,,,,,,,
,0:28:04,123,,,,,,,,
,0:28:05,125,,,,,,,,
,0:28:06,126,,,,,,,,
,0:28:07,126,,,,,,,,
,0:28:08,125,,,,,,,,
,0:28:09,125,,,,,,,,
,0:28:10,125,,,,,,,,
,0:28:11,125,,,,,,,,
,0:28:12,126,,,,,,,,
,0:28:13,127,,,,,,,,
,0:28:14,127,,,,,,,,
,0:28:15,127,,,,,,,,
,0:28:16,127,,,,,,,,
,0:28:17,128,,,,,,,,
,0:28:18,128,,,,,,,,
,0:28:19,130,,,,,,,,
,0:28:20,131,,,,,,,,
,0:28:21,131,,,,,,,,
,0:28:22,131,,,,,,,,
,0:28:23,131,,,,,,,,
,0:28:24,131,,,,,,,,
,0:28:25,133,,,,,,,,
,0:28:26,134,,,,,,,,
,0:28:27,135,,,,,,,,
,0:28:28,135,,,,,,,,
,0:28:29,136,,,,,,,,
,0:28:30,137,,,,,,,,
,0:28:31,137,,,,,,,,
,0:28:32,138,,,,,,,,
,0:28:33,138,,,,,,,,
,0:28:34,138,,,,,,,,
,0:28:35,139,,,,,,,,
,0:28:36,139,,,,,,,,
,0:28:37,139,,,,,,,,
,0:28:38,140,,,,,,,,
,0:28:39,141,,,,,,,,
,0:28:40,143,,,,,,,,
,0:28:41,144,,,,,,,,
,0:28:42,146,,,,,,,,
,0:28:43,146,,,,,,,,
,0:28:44,147,,,,,,,,
,0:28:45,147,,,,,,,,
,0:28:46,148,,,,,,,,
,0:28:47,149,,,,,,,,
,0:28:48,149,,,,,,,,
,0:28:49,150,,,,,,,,
,0:28:50,150,,,,,,,,
,0:28:51,150,,,,,,,,
,0:28:52,150,,,,,,,,
,0:28:53,150,,,,,,,,
,0:28:54,151,,,,,,,,
,0:28:55,151,,,,,,,,
,0:28:56,152,,,,,,,,
,0:28:57,152,,,,,,,,
,0:28:58,153,,,,,,,,
,0:28:59,153,,,,,,,,
,0:29:00,153,,,,,,,,
,0:29:01,153,,,,,,,,
,0:29:02,153,,,,,,,,
,0:29:03,153,,,,,,,,
,0:29:04,153,,,,,,,,
,0:29:05,154,,,,,,,,
,0:29:06,154,,,,,,,,
,0:29:07,154,,,,,,,,
,0:29:08,154,,,,,,,,
,0:29:09,153,,,,,,,,
,0:29:10,152,,,,,,,,
,0:29:11,150,,,,,,,,
,0:29:12,149,,,,,,,,
,0:29:13,149,,,,,,,,
,0:29:14,149,,,,,,,,
,0:29:15,148,,,,,,,,
,0:29:16,147,,,,,,,,
,0:29:17,146,,,,,,,,
,0:29:18,144,,,,,,,,
,0:29:19,142,,,,,,,,
,0:29:20,140,,,,,,,,
,0:29:21,139,,,,,,,,
,0:29:22,139,,,,,,,,
,0:29:23,139,,,,,,,,
,0:29:24,138,,,,,,,,
,0:29:25,138,,,,,,,,
,0:29:26,136,,,,,,,,
,0:29:27,135,,,,,,,,
,0:29:28,134,,,,,,,,
,0:29:29,134,,,,,,,,
,0:29:30,134,,,,,,,,
,0:29:31,133,,,,,,,,
,0:29:32,132,,,,,,,,
,0:29:33,131,,,,,,,,
,0:29:34,131,,,,,,,,
,0:29:35,130,,,,,,,,
,0:29:36,130,,,,,,,,
,0:29:37,130,,,,,,,,
,0:29:38,130,,,,,,,,
,0:29:39,129,,,,,,,,
,0:29:40,128,,,,,,,,
,0:29:41,126,,,,,,,,
,0:29:42,123,,,,,,,,
,0:29:43,121,,,,,,,,
,0:29:44,121,,,,,,,,
,0:29:45,120,,,,,,,,
,0:29:46,120,,,,,,,,
,0:29:47,119,,,,,,,,
,0:29:48,119,,,,,,,,
,0:29:49,120,,,,,,,,
,0:29:50,120,,,,,,,,
,0:29:51,120,,,,,,,,
,0:29:52,121,,,,,,,,
,0:29:53,121,,,,,,,,
,0:29:54,122,,,,,,,,
,0:29:55,122,,,,,,,,
,0:29:56,122,,,,,,,,
,0:29:57,122,,,,,,,,
,0:29:58,122,,,,,,,,
,0:29:59,122,,,,,,,,
,0:30:00,121,,,,,,,,
,0:30:01,121,,,,,,,,
,0:30:02,121,,,,,,,,
,0:30:03,121,,,,,,,,
,0:30:04,121,,,,,,,,
,0:30:05,122,,,,,,,,
,0:30:06,124,,,,,,,,
,0:30:07,125,,,,,,,,
,0:30:08,125,,,,,,,,
,0:30:09,125,,,,,,,,
,0:30:10,125,,,,,,,,
,0:30:11,125,,,,,,,,
,0:30:12,126,,,,,,,,
,0:30:13,126,,,,,,,,
,0:30:14,128,,,,,,,,
,0:30:15,128,,,,,,,,
,0:30:16,128,,,,,,,,
,0:30:17,128,,,,,,,,
,0:30:18,127,,,,,,,,
,0:30:19,127,,,,,,,,
,0:30:20,127,,,,,,,,
,0:30:21,128,,,,,,,,
,0:30:22,128,,,,,,,,
,0:30:23,128,,,,,,,,
,0:30:24,128,,,,,,,,
,0:30:25,128,,,,,,,,
,0:30:26,128,,,,,,,,
,0:30:27,129,,,,,,,,
,0:30:28,130,,,,,,,,
,0:30:29,131,,,,,,,,
,0:30:30,132,,,,,,,,
,0:30:31,132,,,,,,,,
,0:30:32,135,,,,,,,,
,0:30:33,135,,,,,,,,
,0:30:34,136,,,,,,,,
,0:30:35,136,,,,,,,,
,0:30:36,137,,,,,,,,
,0:30:37,138,,,,,,,,
,0:30:38,139,,,,,,,,
,0:30:39,141,,,,,,,,
,0:30:40,142,,,,,,,,
,0:30:41,143,,,,,,,,
,0:30:42,143,,,,,,,,
,0:30:43,144,,,,,,,,
,0:30:44,144,,,,,,,,
,0:30:45,144,,,,,,,,
,0:30:46,144,,,,,,,,
,0:30:47,144,,,,,,,,
,0:30:48,145,,,,,,,,
,0:30:49,146,,,,,,,,
,0:30:50,147,,,,,,,,
,0:30:51,147,,,,,,,,
,0:30:52,147,,,,,,,,
,0:30:53,148,,,,,,,,
,0:30:54,148,,,,,,,,
,0:30:55,149,,,,,,,,
,0:30:56,149,,,,,,,,
,0:30:57,149,,,,,,,,
,0:30:58,150,,,,,,,,
,0:30:59,151,,,,,,,,
,0:31:00,152,,,,,,,,
,0:31:01,152,,,,,,,,
,0:31:02,152,,,,,,,,
,0:31:03,153,,,,,,,,
,0:31:04,153,,,,,,,,
,0:31:05,153,,,,,,,,
,0:31:06,153,,,,,,,,
,0:31:07,153,,,,,,,,
,0:31:08,153,,,,,,,,
,0:31:09,153,,,,,,,,
,0:31:10,152,,,,,,,,
,0:31:11,152,,,,,,,,
,0:31:12,151,,,,,,,,
,0:31:13,150,,,,,,,,
,0:31:14,150,,,,,,,,
,0:31:15,150,,,,,,,,
,0:31:16,147,,,,,,,,
,0:31:17,145,,,,,,,,
,0:31:18,142,,,,,,,,
,0:31:19,142,,,,,,,,
,0:31:20,142,,,,,,,,
,0:31:21,142,,,,,,,,
,0:31:22,142,,,,,,,,
,0:31:23,141,,,,,,,,
,0:31:24,140,,,,,,,,
,0:31:25,139,,,,,,,,
,0:31:26,136,,,,,,,,
,0:31:27,134,,,,,,,,
,0:31:28,133,,,,,,,,
,0:31:29,132,,,,,,,,
,0:31:30,133,,,,,,,,
,0:31:31,132,,,,,,,,
,0:31:32,130,,,,,,,,
,0:31:33,130,,,,,,,,
,0:31:34,128,,,,,,,,
,0:31:35,127,,,,,,,,
,0:31:36,127,,,,,,,,
,0:31:37,126,,,,,,,,
,0:31:38,126,,,,,,,,
,0:31:39,125,,,,,,,,
,0:31:40,123,,,,,,,,
,0:31:41,123,,,,,,,,
,0:31:42,123,,,,,,,,
,0:31:43,123,,,,,,,,
,0:31:44,124,,,,,,,,
,0:31:45,124,,,,,,,,
,0:31:46,125,,,,,,,,
,0:31:47,125,,,,,,,,
,0:31:48,125,,,,,,,,
,0:31:49,124,,,,,,,,
,0:31:50,124,,,,,,,,
,0:31:51,122,,,,,,,,
,0:31:52,122,,,,,,,,
,0:31:53,122,,,,,,,,
,0:31:54,122,,,,,,,,
,0:31:55,122,,,,,,,,
,0:31:56,120,,,,,,,,
,0:31:57,120,,,,,,,,
,0:31:58,119,,,,,,,,
,0:31:59,118,,,,,,,,
,0:32:00,118,,,,,,,,
,0:32:01,119,,,,,,,,
,0:32:02,122,,,,,,,,
,0:32:03,123,,,,,,,,
,0:32:04,123,,,,,,,,
,0:32:05,124,,,,,,,,
,0:32:06,124,,,,,,,,
,0:32:07,125,,,,,,,,
,0:32:08,126,,,,,,,,
,0:32:09,126,,,,,,,,
,0:32:10,127,,,,,,,,
,0:32:11,127,,,,,,,,
,0:32:12,128,,,,,,,,
,0:32:13,129,,,,,,,,
,0:32:14,130,,,,,,,,
,0:32:15,131,,,,,,,,
,0:32:16,132,,,,,,,,
,0:32:17,133,,,,,,,,
,0:32:18,133,,,,,,,,
,0:32:19,132,,,,,,,,
,0:32:20,132,,,,,,,,
,0:32:21,132,,,,,,,,
,0:32:22,132,,,,,,,,
,0:32:23,132,,,,,,,,
,0:32:24,132,,,,,,,,
,0:32:25,134,,,,,,,,
,0:32:26,134,,,,,,,,
,0:32:27,134,,,,,,,,
,0:32:28,134,,,,,,,,
,0:32:29,134,,,,,,,,
,0:32:30,135,,,,,,,,
,0:32:31,137,,,,,,,,
,0:32:32,138,,,,,,,,
,0:32:33,138,,,,,,,,
,0:32:34,138,,,,,,,,
,0:32:35,139,,,,,,,,
,0:32:36,140,,,,,,,,
,0:32:37,141,,,,,,,,
,0:32:38,141,,,,,,,,
,0:32:39,142,,,,,,,,
,0:32:40,143,,,,,,,,
,0:32:41,144,,,,,,,,
,0:32:42,144,,,,,,,,
,0:32:43,144,,,,,,,,
,0:32:44,144,,,,,,,,
,0:32:45,145,,,,,,,,
,0:32:46,145,,,,,,,,
,0:32:47,146,,,,,,,,
,0:32:48,147,,,,,,,,
,0:32:49,147,,,,,,,,
,0:32:50,149,,,,,,,,
,0:32:51,149,,,,,,,,
,0:32:52,149,,,,,,,,
,0:32:53,150,,,,,,,,
,0:32:54,150,,,,,,,,
,0:32:55,150,,,,,,,,
,0:32:56,151,,,,,,,,
,0:32:57,151,,,,,,,,
,0:32:58,152,,,,,,,,
,0:32:59,152,,,,,,,,
,0:33:00,152,,,,,,,,
,0:33:01,152,,,,,,,,
,0:33:02,153,,,,,,,,
,0:33:03,153,,,,,,,,
,0:33:04,152,,,,,,,,
,0:33:05,152,,,,,,,,
,0:33:06,152,,,,,,,,
,0:33:07,151,,,,,,,,
,0:33:08,151,,,,,,,,
,0:33:09,150,,,,,,,,
,0:33:10,148,,,,,,,,
,0:33:11,147,,,,,,,,
,0:33:12,146,,,,,,,,
,0:33:13,145,,,,,,,,
,0:33:14,144,,,,,,,,
,0:33:15,144,,,,,,,,
,0:33:16,143,,,,,,,,
,0:33:17,142,,,,,,,,
,0:33:18,142,,,,,,,,
,0:33:19,142,,,,,,,,
,0:33:20,142,,,,,,,,
,0:33:21,141,,,,,,,,
,0:33:22,140,,,,,,,,
,0:33:23,139,,,,,,,,
,0:33:24,139,,,,,,,,
,0:33:25,138,,,,,,,,
,0:33:26,138,,,,,,,,
,0:33:27,138,,,,,,,,
,0:33:28,139,,,,,,,,
,0:33:29,139,,,,,,,,
,0:33:30,139,,,,,,,,
,0:33:31,139,,,,,,,,
,0:33:32,138,,,,,,,,
,0:33:33,138,,,,,,,,
,0:33:34,137,,,,,,,,
,0:33:35,136,,,,,,,,
,0:33:36,136,,,,,,,,
,0:33:37,136,,,,,,,,
,0:33:38,136,,,,,,,,
,0:33:39,135,,,,,,,,
,0:33:40,135,,,,,,,,
,0:33:41,135,,,,,,,,
,0:33:42,134,,,,,,,,
,0:33:43,132,,,,,,,,
,0:33:44,132,,,,,,,,
,0:33:45,131,,,,,,,,
,0:33:46,130,,,,,,,,
,0:33:47,129,,,,,,,,
,0:33:48,128,,,,,,,,
,0:33:49,127,,,,,,,,
,0:33:50,126,,,,,,,,
,0:33:51,127,,,,,,,,
,0:33:52,128,,,,,,,,
,0:33:53,129,,,,,,,,
,0:33:54,130,,,,,,,,
,0:33:55,128,,,,,,,,
,0:33:56,126,,,,,,,,
,0:33:57,123,,,,,,,,
,0:33:58,122,,,,,,,,
,0:33:59,121,,,,,,,,
,0:34:00,120,,,,,,,,
,0:34:01,120,,,,,,,,
,0:34:02,120,,,,,,,,
,0:34:03,121,,,,,,,,
,0:34:04,122,,,,,,,,
,0:34:05,121,,,,,,,,
,0:34:06,120,,,,,,,,
,0:34:07,120,,,,,,,,
,0:34:08,120,,,,,,,,
,0:34:09,121,,,,,,,,
,0:34:10,121,,,,,,,,
,0:34:11,123,,,,,,,,
,0:34:12,124,,,,,,,,
,0:34:13,126,,,,,,,,
,0:34:14,128,,,,,,,,
,0:34:15,129,,,,,,,,
,0:34:16,131,,,,,,,,
,0:34:17,132,,,,,,,,
,0:34:18,133,,,,,,,,
,0:34:19,134,,,,,,,,
,0:34:20,134,,,,,,,,
,0:34:21,134,,,,,,,,
,0:34:22,134,,,,,,,,
,0:34:23,134,,,,,,,,
,0:34:24,134,,,,,,,,
,0:34:25,134,,,,,,,,
,0:34:26,135,,,,,,,,
,0:34:27,135,,,,,,,,
,0:34:28,135,,,,,,,,
,0:34:29,135,,,,,,,,
,0:34:30,135,,,,,,,,
,0:34:31,135,,,,,,,,
,0:34:32,135,,,,,,,,
,0:34:33,136,,,,,,,,
,0:34:34,136,,,,,,,,
,0:34:35,136,,,,,,,,
,0:34:36,136,,,,,,,,
,0:34:37,135,,,,,,,,
,0:34:38,135,,,,,,,,
,0:34:39,136,,,,,,,,
,0:34:40,137,,,,,,,,
,0:34:41,139,,,,,,,,
,0:34:42,140,,,,,,,,
,0:34:43,142,,,,,,,,
,0:34:44,143,,,,,,,,
,0:34:45,144,,,,,,,,
,0:34:46,145,,,,,,,,
,0:34:47,145,,,,,,,,
,0:34:48,145,,,,,,,,
,0:34:49,145,,,,,,,,
,0:34:50,145,,,,,,,,
,0:34:51,146,,,,,,,,
,0:34:52,146,,,,,,,,
,0:34:53,148,,,,,,,,
,0:34:54,149,,,,,,,,
,0:34:55,149,,,,,,,,
,0:34:56,149,,,,,,,,
,0:34:57,149,,,,,,,,
,0:34:58,148,,,,,,,,
,0:34:59,148,,,,,,,,
,0:35:00,148,,,,,,,,
,0:35:01,148,,,,,,,,
,0:35:02,148,,,,,,,,
,0:35:03,148,,,,,,,,
,0:35:04,148,,,,,,,,
,0:35:05,148,,,,,,,,
,0:35:06,149,,,,,,,,
,0:35:07,147,,,,,,,,
,0:35:08,147,,,,,,,,
,0:35:09,147,,,,,,,,
,0:35:10,145,,,,,,,,
,0:35:11,145,,,,,,,,
,0:35:12,144,,,,,,,,
,0:35:13,143,,,,,,,,
,0:35:14,142,,,,,,,,
,0:35:15,141,,,,,,,,
,0:35:16,140,,,,,,,,
,0:35:17,139,,,,,,,,
,0:35:18,138,,,,,,,,
,0:35:19,138,,,,,,,,
,0:35:20,138,,,,,,,,
,0:35:21,138,,,,,,,,
,0:35:22,139,,,,,,,,
,0:35:23,139,,,,,,,,
,0:35:24,139,,,,,,,,
,0:35:25,140,,,,,,,,
,0:35:26,141,,,,,,,,
,0:35:27,141,,,,,,,,
,0:35:28,140,,,,,,,,
,0:35:29,139,,,,,,,,
,0:35:30,139,,,,,,,,
,0:35:31,139,,,,,,,,
,0:35:32,139,,,,,,,,
,0:35:33,139,,,,,,,,
,0:35:34,139,,,,,,,,
,0:35:35,140,,,,,,,,
,0:35:36,140,,,,,,,,
,0:35:37,140,,,,,,,,
,0:35:38,139,,,,,,,,
,0:35:39,137,,,,,,,,
,0:35:40,136,,,,,,,,
,0:35:41,136,,,,,,,,
,0:35:42,136,,,,,,,,
,0:35:43,136,,,,,,,,
,0:35:44,135,,,,,,,,
,0:35:45,135,,,,,,,,
,0:35:46,135,,,,,,,,
,0:35:47,135,,,,,,,,
,0:35:48,135,,,,,,,,
,0:35:49,134,,,,,,,,
,0:35:50,130,,,,,,,,
,0:35:51,127,,,,,,,,
,0:35:52,127,,,,,,,,
,0:35:53,127,,,,,,,,
,0:35:54,129,,,,,,,,
,0:35:55,129,,,,,,,,
,0:35:56,130,,,,,,,,
,0:35:57,130,,,,,,,,
,0:35:58,131,,,,,,,,
,0:35:59,131,,,,,,,,
,0:36:00,130,,,,,,,,
,0:36:01,130,,,,,,,,
,0:36:02,131,,,,,,,,
,0:36:03,132,,,,,,,,
,0:36:04,132,,,,,,,,
,0:36:05,133,,,,,,,,
,0:36:06,133,,,,,,,,
,0:36:07,133,,,,,,,,
,0:36:08,133,,,,,,,,
,0:36:09,133,,,,,,,,
,0:36:10,133,,,,,,,,
,0:36:11,133,,,,,,,,
,0:36:12,132,,,,,,,,
,0:36:13,131,,,,,,,,
,0:36:14,131,,,,,,,,
,0:36:15,131,,,,,,,,
,0:36:16,132,,,,,,,,
,0:36:17,133,,,,,,,,
,0:36:18,133,,,,,,,,
,0:36:19,133,,,,,,,,
,0:36:20,133,,,,,,,,
,0:36:21,132,,,,,,,,
,0:36:22,131,,,,,,,,
,0:36:23,131,,,,,,,,
,0:36:24,131,,,,,,,,
,0:36:25,131,,,,,,,,
,0:36:26,131,,,,,,,,
,0:36:27,131,,,,,,,,
,0:36:28,131,,,,,,,,
,0:36:29,131,,,,,,,,
,0:36:30,130,,,,,,,,
,0:36:31,130,,,,,,,,
,0:36:32,130,,,,,,,,
,0:36:33,129,,,,,,,,
,0:36:34,129,,,,,,,,
,0:36:35,129,,,,,,,,
,0:36:36,130,,,,,,,,
,0:36:37,130,,,,,,,,
,0:36:38,130,,,,,,,,
,0:36:39,130,,,,,,,,
,0:36:40,130,,,,,,,,
,0:36:41,130,,,,,,,,
,0:36:42,129,,,,,,,,
,0:36:43,128,,,,,,,,
,0:36:44,125,,,,,,,,
,0:36:45,125,,,,,,,,
,0:36:46,125,,,,,,,,
,0:36:47,126,,,,,,,,
,0:36:48,127,,,,,,,,
,0:36:49,127,,,,,,,,
,0:36:50,127,,,,,,,,
,0:36:51,128,,,,,,,,
,0:36:52,128,,,,,,,,
,0:36:53,128,,,,,,,,
,0:36:54,128,,,,,,,,
,0:36:55,127,,,,,,,,
,0:36:56,127,,,,,,,,
,0:36:57,127,,,,,,,,
,0:36:58,127,,,,,,,,
,0:36:59,127,,,,,,,,
,0:37:00,127,,,,,,,,
,0:37:01,127,,,,,,,,
,0:37:02,126,,,,,,,,
,0:37:03,125,,,,,,,,
,0:37:04,124,,,,,,,,
,0:37:05,123,,,,,,,,
,0:37:06,123,,,,,,,,
,0:37:07,123,,,,,,,,
,0:37:08,124,,,,,,,,
,0:37:09,125,,,,,,,,
,0:37:10,127,,,,,,,,
,0:37:11,128,,,,,,,,
,0:37:12,128,,,,,,,,
,0:37:13,127,,,,,,,,
,0:37:14,127,,,,,,,,
,0:37:15,126,,,,,,,,
,0:37:16,126,,,,,,,,
,0:37:17,126,,,,,,,,
,0:37:18,126,,,,,,,,
,0:37:19,127,,,,,,,,
,0:37:20,127,,,,,,,,
,0:37:21,127,,,,,,,,
,0:37:22,126,,,,,,,,
,0:37:23,127,,,,,,,,
,0:37:24,127,,,,,,,,
,0:37:25,127,,,,,,,,
,0:37:26,127,,,,,,,,
,0:37:27,127,,,,,,,,
,0:37:28,127,,,,,,,,
,0:37:29,126,,,,,,,,
,0:37:30,126,,,,,,,,
,0:37:31,125,,,,,,,,
,0:37:32,125,,,,,,,,
,0:37:33,124,,,,,,,,
,0:37:34,124,,,,,,,,
,0:37:35,124,,,,,,,,
,0:37:36,124,,,,,,,,
,0:37:37,123,,,,,,,,
,0:37:38,122,,,,,,,,
,0:37:39,122,,,,,,,,
,0:37:40,123,,,,,,,,
,0:37:41,123,,,,,,,,
,0:37:42,124,,,,,,,,
,0:37:43,124,,,,,,,,
,0:37:44,125,,,,,,,,
,0:37:45,125,,,,,,,,
,0:37:46,125,,,,,,,,
,0:37:47,125,,,,,,,,
,0:37:48,126,,,,,,,,
,0:37:49,126,,,,,,,,
,0:37:50,126,,,,,,,,
,0:37:51,126,,,,,,,,
,0:37:52,126,,,,,,,,
,0:37:53,126,,,,,,,,
,0:37:54,126,,,,,,,,
,0:37:55,126,,,,,,,,
,0:37:56,126,,,,,,,,
,0:37:57,126,,,,,,,,
,0:37:58,126,,,,,,,,
,0:37:59,126,,,,,,,,
,0:38:00,127,,,,,,,,
,0:38:01,127,,,,,,,,
,0:38:02,127,,,,,,,,
,0:38:03,128,,,,,,,,
,0:38:04,128,,,,,,,,
,0:38:05,127,,,,,,,,
,0:38:06,127,,,,,,,,
,0:38:07,126,,,,,,,,
,0:38:08,125,,,,,,,,
,0:38:09,125,,,,,,,,
,0:38:10,125,,,,,,,,
,0:38:11,125,,,,,,,,
,0:38:12,125,,,,,,,,
,0:38:13,125,,,,,,,,
,0:38:14,126,,,,,,,,
,0:38:15,126,,,,,,,,
,0:38:16,125,,,,,,,,
,0:38:17,124,,,,,,,,
,0:38:18,123,,,,,,,,
,0:38:19,121,,,,,,,,
,0:38:20,120,,,,,,,,
,0:38:21,120,,,,,,,,
,0:38:22,120,,,,,,,,
,0:38:23,121,,,,,,,,
,0:38:24,121,,,,,,,,
,0:38:25,122,,,,,,,,
,0:38:26,122,,,,,,,,
,0:38:27,122,,,,,,,,
,0:38:28,121,,,,,,,,
,0:38:29,120,,,,,,,,
,0:38:30,119,,,,,,,,
,0:38:31,120,,,,,,,,
,0:38:32,122,,,,,,,,
,0:38:33,123,,,,,,,,
,0:38:34,123,,,,,,,,
,0:38:35,123,,,,,,,,
,0:38:36,124,,,,,,,,
,0:38:37,124,,,,,,,,
,0:38:38,124,,,,,,,,
,0:38:39,123,,,,,,,,
,0:38:40,124,,,,,,,,
,0:38:41,124,,,,,,,,
,0:38:42,125,,,,,,,,
,0:38:43,126,,,,,,,,
,0:38:44,127,,,,,,,,
,0:38:45,127,,,,,,,,
,0:38:46,127,,,,,,,,
,0:38:47,127,,,,,,,,
,0:38:48,127,,,,,,,,
,0:38:49,128,,,,,,,,
,0:38:50,128,,,,,,,,
,0:38:51,128,,,,,,,,
,0:38:52,129,,,,,,,,
,0:38:53,129,,,,,,,,
,0:38:54,129,,,,,,,,
,0:38:55,129,,,,,,,,
,0:38:56,129,,,,,,,,
,0:38:57,128,,,,,,,,
,0:38:58,128,,,,,,,,
,0:38:59,127,,,,,,,,
,0:39:00,126,,,,,,,,
,0:39:01,127,,,,,,,,
,0:39:02,127,,,,,,,,
,0:39:03,126,,,,,,,,
,0:39:04,125,,,,,,,,
,0:39:05,125,,,,,,,,
,0:39:06,125,,,,,,,,
,0:39:07,124,,,,,,,,
,0:39:08,124,,,,,,,,
,0:39:09,122,,,,,,,,
,0:39:10,122,,,,,,,,
,0:39:11,122,,,,,,,,
,0:39:12,122,,,,,,,,
,0:39:13,123,,,,,,,,
,0:39:14,124,,,,,,,,
,0:39:15,124,,,,,,,,
,0:39:16,124,,,,,,,,
,0:39:17,124,,,,,,,,
,0:39:18,124,,,,,,,,
,0:39:19,124,,,,,,,,
,0:39:20,123,,,,,,,,
,0:39:21,123,,,,,,,,
,0:39:22,123,,,,,,,,
,0:39:23,123,,,,,,,,
,0:39:24,122,,,,,,,,
,0:39:25,123,,,,,,,,
,0:39:26,123,,,,,,,,
,0:39:27,124,,,,,,,,
,0:39:28,124,,,,,,,,
,0:39:29,124,,,,,,,,
,0:39:30,123,,,,,,,,
,0:39:31,124,,,,,,,,
,0:39:32,124,,,,,,,,
,0:39:33,125,,,,,,,,
,0:39:34,125,,,,,,,,
,0:39:35,125,,,,,,,,
,0:39:36,125,,,,,,,,
,0:39:37,125,,,,,,,,
,0:39:38,125,,,,,,,,
,0:39:39,125,,,,,,,,
,0:39:40,125,,,,,,,,
,0:39:41,125,,,,,,,,
,0:39:42,124,,,,,,,,
,0:39:43,125,,,,,,,,
,0:39:44,125,,,,,,,,
,0:39:45,125,,,,,,,,
,0:39:46,126,,,,,,,,
,0:39:47,126,,,,,,,,
,0:39:48,126,,,,,,,,
,0:39:49,125,,,,,,,,
,0:39:50,124,,,,,,,,
,0:39:51,123,,,,,,,,
,0:39:52,122,,,,,,,,
,0:39:53,122,,,,,,,,
,0:39:54,122,,,,,,,,
,0:39:55,123,,,,,,,,
,0:39:56,124,,,,,,,,
,0:39:57,125,,,,,,,,
,0:39:58,125,,,,,,,,
,0:39:59,124,,,,,,,,
,0:40:00,123,,,,,,,,
,0:40:01,122,,,,,,,,
,0:40:02,121,,,,,,,,
,0:40:03,121,,,,,,,,
,0:40:04,121,,,,,,,,
,0:40:05,122,,,,,,,,
,0:40:06,122,,,,,,,,
,0:40:07,123,,,,,,,,
,0:40:08,124,,,,,,,,
,0:40:09,124,,,,,,,,
,0:40:10,123,,,,,,,,
,0:40:11,123,,,,,,,,
,0:40:12,122,,,,,,,,
,0:40:13,122,,,,,,,,
,0:40:14,122,,,,,,,,
,0:40:15,122,,,,,,,,
,0:40:16,123,,,,,,,,
,0:40:17,123,,,,,,,,
,0:40:18,123,,,,,,,,
,0:40:19,124,,,,,,,,
,0:40:20,124,,,,,,,,
,0:40:21,124,,,,,,,,
,0:40:22,124,,,,,,,,
,0:40:23,125,,,,,,,,
,0:40:24,125,,,,,,,,
,0:40:25,126,,,,,,,,
,0:40:26,126,,,,,,,,
,0:40:27,127,,,,,,,,
,0:40:28,127,,,,,,,,
,0:40:29,127,,,,,,,,
,0:40:30,126,,,,,,,,
,0:40:31,125,,,,,,,,
,0:40:32,125,,,,,,,,
,0:40:33,124,,,,,,,,
,0:40:34,124,,,,,,,,
,0:40:35,124,,,,,,,,
,0:40:36,125,,,,,,,,
,0:40:37,125,,,,,,,,
,0:40:38,125,,,,,,,,
,0:40:39,125,,,,,,,,
,0:40:40,124,,,,,,,,
,0:40:41,123,,,,,,,,
,0:40:42,122,,,,,,,,
,0:40:43,123,,,,,,,,
,0:40:44,124,,,,,,,,
,0:40:45,125,,,,,,,,
,0:40:46,126,,,,,,,,
,0:40:47,125,,,,,,,,
,0:40:48,124,,,,,,,,
,0:40:49,123,,,,,,,,
,0:40:50,122,,,,,,,,
,0:40:51,122,,,,,,,,
,0:40:52,122,,,,,,,,
,0:40:53,122,,,,,,,,
,0:40:54,122,,,,,,,,
,0:40:55,123,,,,,,,,
,0:40:56,123,,,,,,,,
,0:40:57,123,,,,,,,,
,0:40:58,124,,,,,,,,
,0:40:59,124,,,,,,,,
,0:41:00,124,,,,,,,,
,0:41:01,123,,,,,,,,
,0:41:02,122,,,,,,,,
,0:41:03,122,,,,,,,,
,0:41:04,122,,,,,,,,
,0:41:05,124,,,,,,,,
,0:41:06,125,,,,,,,,
,0:41:07,126,,,,,,,,
,0:41:08,127,,,,,,,,
,0:41:09,128,,,,,,,,
,0:41:10,128,,,,,,,,
,0:41:11,127,,,,,,,,
,0:41:12,126,,,,,,,,
,0:41:13,126,,,,,,,,
,0:41:14,125,,,,,,,,
,0:41:15,125,,,,,,,,
,0:41:16,125,,,,,,,,
,0:41:17,124,,,,,,,,
,0:41:18,124,,,,,,,,
,0:41:19,123,,,,,,,,
,0:41:20,122,,,,,,,,
,0:41:21,122,,,,,,,,
,0:41:22,121,,,,,,,,
,0:41:23,121,,,,,,,,
,0:41:24,122,,,,,,,,
,0:41:25,123,,,,,,,,
,0:41:26,125,,,,,,,,
,0:41:27,125,,,,,,,,
,0:41:28,126,,,,,,,,
,0:41:29,127,,,,,,,,
,0:41:30,126,,,,,,,,
,0:41:31,126,,,,,,,,
,0:41:32,125,,,,,,,,
,0:41:33,124,,,,,,,,
,0:41:34,124,,,,,,,,
,0:41:35,124,,,,,,,,
,0:41:36,124,,,,,,,,
,0:41:37,124,,,,,,,,
,0:41:38,124,,,,,,,,
,0:41:39,123,,,,,,,,
,0:41:40,123,,,,,,,,
,0:41:41,122,,,,,,,,
,0:41:42,122,,,,,,,,
,0:41:43,123,,,,,,,,
,0:41:44,123,,,,,,,,
,0:41:45,124,,,,,,,,
,0:41:46,123,,,,,,,,
,0:41:47,123,,,,,,,,
,0:41:48,123,,,,,,,,
,0:41:49,123,,,,,,,,
,0:41:50,124,,,,,,,,
,0:41:51,125,,,,,,,,
,0:41:52,125,,,,,,,,
,0:41:53,125,,,,,,,,
,0:41:54,125,,,,,,,,
,0:41:55,125,,,,,,,,
,0:41:56,125,,,,,,,,
,0:41:57,125,,,,,,,,
,0:41:58,125,,,,,,,,
,0:41:59,125,,,,,,,,
,0:42:00,125,,,,,,,,
,0:42:01,126,,,,,,,,
,0:42:02,127,,,,,,,,
,0:42:03,128,,,,,,,,
,0:42:04,128,,,,,,,,
,0:42:05,127,,,,,,,,
,0:42:06,126,,,,,,,,
,0:42:07,125,,,,,,,,
,0:42:08,125,,,,,,,,
,0:42:09,126,,,,,,,,
,0:42:10,126,,,,,,,,
,0:42:11,127,,,,,,,,
,0:42:12,128,,,,,,,,
,0:42:13,128,,,,,,,,
,0:42:14,128,,,,,,,,
,0:42:15,127,,,,,,,,
,0:42:16,124,,,,,,,,
,0:42:17,120,,,,,,,,
,0:42:18,121,,,,,,,,
,0:42:19,123,,,,,,,,
,0:42:20,123,,,,,,,,
,0:42:21,124,,,,,,,,
,0:42:22,124,,,,,,,,
,0:42:23,124,,,,,,,,
,0:42:24,124,,,,,,,,
,0:42:25,124,,,,,,,,
,0:42:26,123,,,,,,,,
,0:42:27,123,,,,,,,,
,0:42:28,122,,,,,,,,
,0:42:29,122,,,,,,,,
,0:42:30,123,,,,,,,,
,0:42:31,124,,,,,,,,
,0:42:32,125,,,,,,,,
,0:42:33,125,,,,,,,,
,0:42:34,125,,,,,,,,
,0:42:35,124,,,,,,,,
,0:42:36,120,,,,,,,,
,0:42:37,117,,,,,,,,
,0:42:38,116,,,,,,,,
,0:42:39,117,,,,,,,,
,0:42:40,121,,,,,,,,
,0:42:41,122,,,,,,,,
,0:42:42,123,,,,,,,,
,0:42:43,123,,,,,,,,
,0:42:44,124,,,,,,,,
,0:42:45,124,,,,,,,,
,0:42:46,124,,,,,,,,
,0:42:47,124,,,,,,,,
,0:42:48,124,,,,,,,,
,0:42:49,125,,,,,,,,
,0:42:50,126,,,,,,,,
,0:42:51,126,,,,,,,,
,0:42:52,125,,,,,,,,
,0:42:53,124,,,,,,,,
,0:42:54,124,,,,,,,,
,0:42:55,123,,,,,,,,
,0:42:56,122,,,,,,,,
,0:42:57,122,,,,,,,,
,0:42:58,122,,,,,,,,
,0:42:59,123,,,,,,,,
,0:43:00,123,,,,,,,,
,0:43:01,123,,,,,,,,
,0:43:02,123,,,,,,,,
,0:43:03,123,,,,,,,,
,0:43:04,122,,,,,,,,
,0:43:05,122,,,,,,,,
,0:43:06,122,,,,,,,,
,0:43:07,122,,,,,,,,
,0:43:08,122,,,,,,,,
,0:43:09,120,,,,,,,,
,0:43:10,119,,,,,,,,
,0:43:11,119,,,,,,,,
,0:43:12,119,,,,,,,,
,0:43:13,121,,,,,,,,
,0:43:14,121,,,,,,,,
,0:43:15,122,,,,,,,,
,0:43:16,122,,,,,,,,
,0:43:17,122,,,,,,,,
,0:43:18,123,,,,,,,,
,0:43:19,124,,,,,,,,
,0:43:20,125,,,,,,,,
,0:43:21,125,,,,,,,,
,0:43:22,126,,,,,,,,
,0:43:23,126,,,,,,,,
,0:43:24,126,,,,,,,,
,0:43:25,127,,,,,,,,
,0:43:26,126,,,,,,,,
,0:43:27,126,,,,,,,,
,0:43:28,126,,,,,,,,
,0:43:29,126,,,,,,,,
,0:43:30,126,,,,,,,,
,0:43:31,127,,,,,,,,
,0:43:32,126,,,,,,,,
,0:43:33,126,,,,,,,,
,0:43:34,125,,,,,,,,
,0:43:35,125,,,,,,,,
,0:43:36,125,,,,,,,,
,0:43:37,124,,,,,,,,
,0:43:38,123,,,,,,,,
,0:43:39,122,,,,,,,,
,0:43:40,122,,,,,,,,
,0:43:41,122,,,,,,,,
,0:43:42,122,,,,,,,,
,0:43:43,123,,,,,,,,
,0:43:44,124,,,,,,,,
,0:43:45,125,,,,,,,,
,0:43:46,126,,,,,,,,
,0:43:47,126,,,,,,,,
,0:43:48,126,,,,,,,,
,0:43:49,125,,,,,,,,
,0:43:50,125,,,,,,,,
,0:43:51,124,,,,,,,,
,0:43:52,124,,,,,,,,
,0:43:53,123,,,,,,,,
,0:43:54,123,,,,,,,,
,0:43:55,124,,,,,,,,
,0:43:56,125,,,,,,,,
,0:43:57,126,,,,,,,,
,0:43:58,126,,,,,,,,
,0:43:59,126,,,,,,,,
,0:44:00,126,,,,,,,,
,0:44:01,125,,,,,,,,
,0:44:02,125,,,,,,,,
,0:44:03,123,,,,,,,,
,0:44:04,123,,,,,,,,
,0:44:05,123,,,,,,,,
,0:44:06,124,,,,,,,,
,0:44:07,124,,,,,,,,
,0:44:08,123,,,,,,,,
,0:44:09,123,,,,,,,,
,0:44:10,123,,,,,,,,
,0:44:11,119,,,,,,,,
,0:44:12,119,,,,,,,,
,0:44:13,115,,,,,,,,
,0:44:14,115,,,,,,,,
,0:44:15,115,,,,,,,,
,0:44:16,116,,,,,,,,
,0:44:17,117,,,,,,,,
,0:44:18,118,,,,,,,,
,0:44:19,119,,,,,,,,
,0:44:20,119,,,,,,,,
,0:44:21,120,,,,,,,,
,0:44:22,120,,,,,,,,
,0:44:23,119,,,,,,,,
,0:44:24,119,,,,,,,,
,0:44:25,120,,,,,,,,
,0:44:26,121,,,,,,,,
,0:44:27,121,,,,,,,,
,0:44:28,122,,,,,,,,
,0:44:29,123,,,,,,,,
,0:44:30,123,,,,,,,,
,0:44:31,123,,,,,,,,
,0:44:32,123,,,,,,,,
,0:44:33,123,,,,,,,,
,0:44:34,123,,,,,,,,
,0:44:35,123,,,,,,,,
,0:44:36,124,,,,,,,,
,0:44:37,124,,,,,,,,
,0:44:38,120,,,,,,,,
,0:44:39,116,,,,,,,,
,0:44:40,115,,,,,,,,
,0:44:41,115,,,,,,,,
,0:44:42,118,,,,,,,,
,0:44:43,120,,,,,,,,
,0:44:44,120,,,,,,,,
,0:44:45,120,,,,,,,,
,0:44:46,120,,,,,,,,
,0:44:47,120,,,,,,,,
,0:44:48,122,,,,,,,,
,0:44:49,123,,,,,,,,
,0:44:50,123,,,,,,,,
,0:44:51,122,,,,,,,,
,0:44:52,121,,,,,,,,
,0:44:53,121,,,,,,,,
,0:44:54,123,,,,,,,,
,0:44:55,124,,,,,,,,
,0:44:56,122,,,,,,,,
,0:44:57,120,,,,,,,,
,0:44:58,119,,,,,,,,
,0:44:59,119,,,,,,,,
,0:45:00,119,,,,,,,,
,0:45:01,120,,,,,,,,
,0:45:02,120,,,,,,,,